-- MySQL dump 10.16  Distrib 10.1.40-MariaDB, for Linux (x86_64)
--
-- Host: localhost    Database: kaizen
-- ------------------------------------------------------
-- Server version	10.1.40-MariaDB

/*!40101 SET @OLD_CHARACTER_SET_CLIENT=@@CHARACTER_SET_CLIENT */;
/*!40101 SET @OLD_CHARACTER_SET_RESULTS=@@CHARACTER_SET_RESULTS */;
/*!40101 SET @OLD_COLLATION_CONNECTION=@@COLLATION_CONNECTION */;
/*!40101 SET NAMES utf8 */;
/*!40103 SET @OLD_TIME_ZONE=@@TIME_ZONE */;
/*!40103 SET TIME_ZONE='+00:00' */;
/*!40014 SET @OLD_UNIQUE_CHECKS=@@UNIQUE_CHECKS, UNIQUE_CHECKS=0 */;
/*!40014 SET @OLD_FOREIGN_KEY_CHECKS=@@FOREIGN_KEY_CHECKS, FOREIGN_KEY_CHECKS=0 */;
/*!40101 SET @OLD_SQL_MODE=@@SQL_MODE, SQL_MODE='NO_AUTO_VALUE_ON_ZERO' */;
/*!40111 SET @OLD_SQL_NOTES=@@SQL_NOTES, SQL_NOTES=0 */;

--
-- Current Database: `kaizen`
--

USE `kaizen`;

--
-- Table structure for table `log_admin_login`
--

DROP TABLE IF EXISTS `log_admin_login`;
/*!40101 SET @saved_cs_client     = @@character_set_client */;
/*!40101 SET character_set_client = utf8 */;
CREATE TABLE `log_admin_login` (
  `log_id` bigint(20) unsigned NOT NULL,
  `admin_id` int(10) unsigned NOT NULL,
  `datetime` datetime NOT NULL,
  `ip_address` varchar(15) COLLATE utf8_bin NOT NULL,
  `user_agent` varchar(255) COLLATE utf8_bin NOT NULL,
  PRIMARY KEY (`log_id`),
  KEY `admin_id` (`admin_id`),
  CONSTRAINT `log_admin_login_ibfk_1` FOREIGN KEY (`admin_id`) REFERENCES `tbl_admin` (`admin_id`)
) ENGINE=InnoDB DEFAULT CHARSET=utf8 COLLATE=utf8_bin;
/*!40101 SET character_set_client = @saved_cs_client */;

--
-- Dumping data for table `log_admin_login`
--

LOCK TABLES `log_admin_login` WRITE;
/*!40000 ALTER TABLE `log_admin_login` DISABLE KEYS */;
/*!40000 ALTER TABLE `log_admin_login` ENABLE KEYS */;
UNLOCK TABLES;

--
-- Table structure for table `log_contents_edit_admin`
--

DROP TABLE IF EXISTS `log_contents_edit_admin`;
/*!40101 SET @saved_cs_client     = @@character_set_client */;
/*!40101 SET character_set_client = utf8 */;
CREATE TABLE `log_contents_edit_admin` (
  `log_id` bigint(20) unsigned NOT NULL AUTO_INCREMENT,
  `contents_category_id` tinyint(3) unsigned NOT NULL DEFAULT '1',
  `school_contents_id` int(10) unsigned NOT NULL,
  `admin_id` int(10) unsigned NOT NULL,
  `contents_edit_action_id` tinyint(3) unsigned NOT NULL,
  `datetime` datetime NOT NULL,
  PRIMARY KEY (`log_id`),
  KEY `school_contents_id` (`school_contents_id`),
  KEY `admin_id` (`admin_id`),
  KEY `contents_edit_action_id` (`contents_edit_action_id`),
  KEY `FK_log_contents_edit_admin_mst_contents_category` (`contents_category_id`),
  CONSTRAINT `FK_log_contents_edit_admin_mst_contents_category` FOREIGN KEY (`contents_category_id`) REFERENCES `mst_contents_category` (`contents_category_id`),
  CONSTRAINT `log_contents_edit_admin_ibfk_1` FOREIGN KEY (`school_contents_id`) REFERENCES `tbl_school_contents_bk` (`school_contents_id`),
  CONSTRAINT `log_contents_edit_admin_ibfk_3` FOREIGN KEY (`contents_edit_action_id`) REFERENCES `mst_contents_edit_action` (`contents_edit_action_id`),
  CONSTRAINT `log_contents_edit_admin_ibfk_4` FOREIGN KEY (`admin_id`) REFERENCES `tbl_admin` (`admin_id`)
) ENGINE=InnoDB DEFAULT CHARSET=utf8 COLLATE=utf8_bin;
/*!40101 SET character_set_client = @saved_cs_client */;

--
-- Dumping data for table `log_contents_edit_admin`
--

LOCK TABLES `log_contents_edit_admin` WRITE;
/*!40000 ALTER TABLE `log_contents_edit_admin` DISABLE KEYS */;
/*!40000 ALTER TABLE `log_contents_edit_admin` ENABLE KEYS */;
UNLOCK TABLES;

--
-- Table structure for table `log_contents_edit_teacher`
--

DROP TABLE IF EXISTS `log_contents_edit_teacher`;
/*!40101 SET @saved_cs_client     = @@character_set_client */;
/*!40101 SET character_set_client = utf8 */;
CREATE TABLE `log_contents_edit_teacher` (
  `log_id` bigint(20) unsigned NOT NULL AUTO_INCREMENT,
  `contents_category_id` tinyint(3) unsigned NOT NULL DEFAULT '1',
  `school_contents_id` int(10) unsigned NOT NULL,
  `teacher_id` int(10) unsigned NOT NULL,
  `contents_edit_action_id` tinyint(3) unsigned NOT NULL,
  `datetime` datetime NOT NULL,
  PRIMARY KEY (`log_id`),
  KEY `school_contents_id` (`school_contents_id`),
  KEY `teacher_id` (`teacher_id`),
  KEY `contents_edit_action_id` (`contents_edit_action_id`),
  KEY `FK_log_contents_edit_teacher_mst_contents_category` (`contents_category_id`),
  CONSTRAINT `FK_log_contents_edit_teacher_mst_contents_category` FOREIGN KEY (`contents_category_id`) REFERENCES `mst_contents_category` (`contents_category_id`),
  CONSTRAINT `log_contents_edit_teacher_ibfk_1` FOREIGN KEY (`school_contents_id`) REFERENCES `tbl_school_contents_bk` (`school_contents_id`),
  CONSTRAINT `log_contents_edit_teacher_ibfk_2` FOREIGN KEY (`teacher_id`) REFERENCES `tbl_teacher` (`teacher_id`),
  CONSTRAINT `log_contents_edit_teacher_ibfk_3` FOREIGN KEY (`contents_edit_action_id`) REFERENCES `mst_contents_edit_action` (`contents_edit_action_id`)
) ENGINE=InnoDB DEFAULT CHARSET=utf8 COLLATE=utf8_bin;
/*!40101 SET character_set_client = @saved_cs_client */;

--
-- Dumping data for table `log_contents_edit_teacher`
--

LOCK TABLES `log_contents_edit_teacher` WRITE;
/*!40000 ALTER TABLE `log_contents_edit_teacher` DISABLE KEYS */;
/*!40000 ALTER TABLE `log_contents_edit_teacher` ENABLE KEYS */;
UNLOCK TABLES;

--
-- Table structure for table `log_contents_history_student`
--

DROP TABLE IF EXISTS `log_contents_history_student`;
/*!40101 SET @saved_cs_client     = @@character_set_client */;
/*!40101 SET character_set_client = utf8 */;
CREATE TABLE `log_contents_history_student` (
  `history_id` bigint(20) unsigned NOT NULL AUTO_INCREMENT,
  `contents_category_id` tinyint(3) unsigned NOT NULL DEFAULT '1',
  `school_contents_id` int(10) unsigned NOT NULL,
  `student_id` int(10) unsigned NOT NULL,
  `player_code` varchar(50) COLLATE utf8_bin DEFAULT NULL,
  `key_word` varchar(50) COLLATE utf8_bin DEFAULT NULL,
  `registered_datetime` datetime NOT NULL,
  `contents_download_datetime` datetime DEFAULT NULL,
  `history_upload_datetime` datetime DEFAULT NULL,
  `reached_frame` bigint(10) unsigned DEFAULT NULL,
  `proportion_flg` tinyint(3) unsigned DEFAULT '0',
  `proportion` tinyint(3) unsigned DEFAULT '0',
  `duration` bigint(10) unsigned DEFAULT NULL,
  `reacquire_data_flg` tinyint(3) unsigned NOT NULL DEFAULT '0',
  `play_start_datetime` datetime DEFAULT NULL,
  PRIMARY KEY (`history_id`),
  UNIQUE KEY `key_word` (`key_word`),
  KEY `school_contents_id` (`school_contents_id`),
  KEY `student_id` (`student_id`),
  KEY `FK_log_contents_history_student_mst_contents_category` (`contents_category_id`),
  CONSTRAINT `FK_log_contents_history_student_mst_contents_category` FOREIGN KEY (`contents_category_id`) REFERENCES `mst_contents_category` (`contents_category_id`),
  CONSTRAINT `log_contents_history_student_ibfk_2` FOREIGN KEY (`student_id`) REFERENCES `tbl_student` (`student_id`)
) ENGINE=InnoDB AUTO_INCREMENT=64 DEFAULT CHARSET=utf8 COLLATE=utf8_bin;
/*!40101 SET character_set_client = @saved_cs_client */;

--
-- Dumping data for table `log_contents_history_student`
--

LOCK TABLES `log_contents_history_student` WRITE;
/*!40000 ALTER TABLE `log_contents_history_student` DISABLE KEYS */;
INSERT INTO `log_contents_history_student` VALUES (1,1,3,1,'0bbe189f73cc5cfb3c4fc27e29cfbabc636799de8813103f',NULL,'2019-05-29 09:05:40','2019-05-29 09:05:40',NULL,3630,0,0,109170,9,'2019-05-29 09:05:40'),(2,1,3,1,'9ff6ab1bebced8a7d5a5a4ad558f9c555c629a082ec6fcd3',NULL,'2019-05-29 09:06:05','2019-05-29 09:06:05',NULL,40600,0,0,109170,9,'2019-05-29 09:06:05'),(3,1,3,1,'290e53349004904afe131b92dac0d8fbf9cdac64455b4b07',NULL,'2019-05-29 09:16:43','2019-05-29 09:16:43','2019-05-29 09:17:40',52180,1,80,109170,1,'2019-05-29 09:16:43'),(4,1,3,1,'c08e7fbff98d6c6fef46c7bbebd8d33f1fba020bc2755e18',NULL,'2019-05-31 01:35:48','2019-05-31 01:35:48','2019-05-31 01:35:58',4260,1,80,109170,1,'2019-05-31 01:35:48'),(5,1,3,1,'c4e840a6bd169a90efe322bf4f7af56ef1144bb1f6361e73',NULL,'2019-05-31 01:37:37','2019-05-31 01:37:37','2019-05-31 01:37:44',4860,1,80,109170,1,'2019-05-31 01:37:37'),(6,1,4,4,'6787e0336103433af2ed708ee7c97bf7f79d778129df5712',NULL,'2019-06-04 04:56:22','2019-06-04 04:56:22','2019-07-30 16:02:13',10,1,100,87560,1,'2019-06-04 04:56:22'),(7,1,4,4,'ee6263a76b2c9d85447e948ed96d3f73128c068ff0ebd3f3',NULL,'2019-06-04 05:26:37','2019-06-04 05:26:37','2019-07-30 16:02:13',20640,0,0,87560,9,'2019-06-04 05:26:37'),(8,1,4,4,'0bbf6cea060e1cfbaddd08e7e393e3cf4af7e92d65aac6da',NULL,'2019-06-04 05:27:09','2019-06-04 05:27:09','2019-07-30 16:02:14',87560,1,100,87560,1,'2019-06-04 05:27:09'),(9,1,4,3,'b194cd6798cfd6c29dfe7a8ecfc4908ee155f61677e43e69',NULL,'2019-06-04 07:05:09','2019-06-04 07:05:09','2019-07-23 07:06:35',46960,1,80,87560,1,'2019-06-04 07:05:09'),(10,1,3,3,'4bd177561692d3b326a89e05bd07578129cfb4834c0db449',NULL,'2019-06-04 07:07:10','2019-06-04 07:07:10','2019-06-15 08:56:33',27340,1,100,109170,1,'2019-06-04 07:07:10'),(11,1,4,3,'9a7eb9f5d4bfddb8e019cc79ec6a70dda373727d52bfb535',NULL,'2019-06-04 08:45:35','2019-06-04 08:45:35','2019-07-23 07:06:36',63210,1,80,87560,0,'2019-06-04 08:45:35'),(12,1,3,3,'d16865c0e60115b5bb0607ee6131e2ffa3ff04415902e76b',NULL,'2019-06-05 00:44:28','2019-06-05 00:44:28','2019-06-15 08:56:34',109170,1,100,109170,1,'2019-06-05 00:44:28'),(13,1,4,3,'1a579af4664105487098450972e80d5443da5f205b28340c',NULL,'2019-06-05 08:49:06','2019-06-05 08:49:06','2019-07-23 07:06:36',4970,1,80,87560,0,'2019-06-05 08:49:06'),(14,1,3,3,'66b556b88d43c76285986ac1c33861cb08977f44df878c8e',NULL,'2019-06-05 09:39:50','2019-06-05 09:39:50','2019-06-15 08:56:35',11520,1,100,109170,0,'2019-06-05 09:39:50'),(15,1,4,3,'d3d7daa7b2bbf261a1511c9da64ff970b033996378a9027e',NULL,'2019-06-06 07:57:30','2019-06-06 07:57:30','2019-07-23 07:06:37',10,1,80,87560,0,'2019-06-06 07:57:30'),(16,1,4,3,'b772ae8ba1e6c8d7ba362f7bb4e1a53267f0899cea49477d',NULL,'2019-06-06 10:32:42','2019-06-06 10:32:42','2019-07-23 07:06:37',320,1,80,87560,0,'2019-06-06 10:32:42'),(17,1,4,4,'fe9ba2e2861c5637064313c0c292c8a82a1c95dd2a271ef0',NULL,'2019-06-07 07:07:19','2019-06-07 07:07:19','2019-07-30 16:02:14',1110,1,100,87560,1,'2019-06-07 07:07:19'),(18,1,2,3,'abc2544150c4681c3434896d8d76cbb5dcaf3a55d8e5e201',NULL,'2019-06-14 05:47:57','2019-06-14 05:47:57','2019-08-28 08:53:37',2640,1,60,75940,1,'2019-06-14 05:47:57'),(19,1,2,3,'5283c9c828dc22bd22190f19d809eaece317814236c9b1c9',NULL,'2019-06-14 10:33:11','2019-06-14 10:33:11','2019-08-28 08:53:37',19760,1,60,75940,0,'2019-06-14 10:33:11'),(20,1,7,3,'cf5b64ef7275760681148a96c6d1539cf699f186f4f10c35',NULL,'2019-06-15 08:19:01','2019-06-15 08:19:01','2019-07-23 13:04:16',12440,1,70,75940,1,'2019-06-15 08:19:01'),(21,1,4,3,'41dc95266b087410d4f8b384dd8feecca036949241edd835',NULL,'2019-06-15 08:19:42','2019-06-15 08:19:42','2019-07-23 07:06:38',690,1,80,87560,0,'2019-06-15 08:19:42'),(22,1,2,3,'2ead7341e7c45e1beee360ac8c9c88acfe2a8dc7563c1cf3',NULL,'2019-06-15 08:51:40','2019-06-15 08:51:40','2019-08-28 08:53:38',75940,1,60,75940,0,'2019-06-15 08:51:40'),(23,1,8,3,'46d59e8cf715d661e9939351c6f3f24d02aba9a6eef0c676',NULL,'2019-06-15 09:25:01','2019-06-15 09:25:01','2019-06-17 13:51:39',3260,0,20,109170,1,'2019-06-15 09:25:01'),(24,1,8,3,'0eecaad9ea021a1f262ed6d999742b049294ae893e4332b5',NULL,'2019-06-15 16:13:26','2019-06-15 16:13:26','2019-06-17 13:51:39',20060,0,20,109170,1,'2019-06-15 16:13:26'),(25,1,4,3,'57f6f4af1be9214e8778f39860c841f4de0904044882411f',NULL,'2019-06-15 16:33:35','2019-06-15 16:33:35','2019-07-23 07:06:38',60490,1,80,87560,0,'2019-06-15 16:33:35'),(26,1,8,3,'8e56295bb2b8197ffbe92dfde504d71491fc7c4f9a92bff3',NULL,'2019-06-17 13:51:27','2019-06-17 13:51:27','2019-06-17 13:51:40',10,0,20,109170,1,'2019-06-17 13:51:27'),(27,1,8,3,'933816169bdbfeca7e4c35ea1923b3736d5d380dae817e9c',NULL,'2019-06-18 11:19:55','2019-06-18 11:19:55','2019-06-18 11:20:00',260,0,20,109170,1,'2019-06-18 11:19:55'),(28,1,9,3,'6a4da2b87126f4646c36a799008feaef98bed92a503e548c',NULL,'2019-06-26 11:18:22','2019-06-26 11:18:22','2019-07-23 07:05:53',130050,1,100,130050,0,'2019-06-26 11:18:22'),(29,1,10,6,'d9c59ae260c7bf975997526580a794073fd673f9982c111c',NULL,'2019-06-26 11:18:29','2019-06-26 11:18:29','2019-06-26 11:21:49',11310,0,10,153440,1,'2019-06-26 11:18:29'),(30,1,7,3,'805766c3f666ebc36605616606fc6d6f2e4937a665b9464b',NULL,'2019-06-26 11:56:16','2019-06-26 11:56:16','2019-07-23 13:04:17',75940,1,70,75940,1,'2019-06-26 11:56:16'),(31,1,4,3,'e29552662c7c4229d5d26097008d0fd1b15a7322212470e3',NULL,'2019-06-26 11:57:39','2019-06-26 11:57:39','2019-07-23 07:06:39',87560,1,80,87560,0,'2019-06-26 11:57:39'),(32,1,7,3,'6cfc5b2cce3a4dd96d0fc5d8e0d68733a8fb5e807f3e1ea3',NULL,'2019-06-29 13:45:47','2019-06-29 13:45:47','2019-07-23 13:04:17',4030,1,70,75940,1,'2019-06-29 13:45:47'),(33,1,6,3,'f48a452ff671991599dd7087cc897746e5c1813d1c64443b',NULL,'2019-06-29 13:46:15','2019-06-29 13:46:15','2019-06-29 13:46:24',4260,0,10,218410,1,'2019-06-29 13:46:15'),(34,1,9,6,'e085a9465198bc6d0a08da332d672f383cc29b70780f924c',NULL,'2019-07-20 10:34:00','2019-07-20 10:34:00','2019-07-20 10:34:33',14220,0,10,130050,1,'2019-07-20 10:34:00'),(35,1,13,3,'9e21dd4280217a2b95655a6a9ffe826ed9ac383e98b95f9e',NULL,'2019-07-22 07:23:42','2019-07-22 07:23:42','2019-07-23 06:38:32',143890,1,100,143890,0,'2019-07-22 07:23:42'),(36,1,13,3,'526c31b8ba7cd9b062ffa9b84b2bb47488813f795e6a6fb3',NULL,'2019-07-22 08:56:04','2019-07-22 08:56:04','2019-07-23 06:38:33',62810,1,100,143890,0,'2019-07-22 08:56:04'),(37,1,14,3,'0663771749274ddca27a6b0ad2e2d8c420d6a9521d26f69a',NULL,'2019-07-22 08:57:29','2019-07-22 08:57:29','2019-07-22 08:59:34',116940,1,100,120900,0,'2019-07-22 08:57:29'),(38,1,14,3,'33b96a1a16838e9217db8766e9462e6b017f3dab652cc03b',NULL,'2019-07-22 13:04:58','2019-07-22 13:04:58','2019-07-22 13:05:04',3560,1,100,120900,0,'2019-07-22 13:04:58'),(39,1,7,3,'8b66a5c42e09a8646cf5ab3bba9a228fd327403f200e1535',NULL,'2019-07-23 06:39:41','2019-07-23 06:39:41','2019-07-23 13:04:18',44820,1,70,75940,0,'2019-07-23 06:39:41'),(40,1,9,3,'e1cb37828a770cc28c37e9802c486c7e634d677d3f1f17a5',NULL,'2019-07-23 06:46:28','2019-07-23 06:46:28','2019-07-23 07:05:54',130050,1,100,130050,0,'2019-07-23 06:46:28'),(41,1,2,6,'79ac803a7eba0a6465b66919ded1559726d6848e5ab117ff',NULL,'2019-07-23 10:34:10','2019-07-23 10:34:10','2019-07-23 11:54:44',21060,1,100,75940,1,'2019-07-23 10:34:10'),(42,1,2,6,'bb8c7808a3aaaa59e88a2183a26ea2a54bdd7f56e74eecbf',NULL,'2019-07-23 12:49:10','2019-07-23 12:49:10','2019-07-23 12:51:23',75940,1,100,75940,0,'2019-07-23 12:49:10'),(43,1,7,6,'077968187bd287b326ad227e7656e7d26d1ca24d7ec4faad',NULL,'2019-07-23 12:50:33','2019-07-23 12:50:33',NULL,6250,0,0,75940,9,'2019-07-23 12:50:33'),(44,1,7,6,'93136dadb7f61d4c7d2b782f244376dd5c3b76dfc0f9e62f',NULL,'2019-07-23 12:51:31','2019-07-23 12:51:31',NULL,0,0,0,75940,9,'2019-07-23 12:51:31'),(45,1,5,6,'abc5af3f9ddf78141af1e9a8baca9ebe6928a30d4b9321a1',NULL,'2019-07-23 12:51:55','2019-07-23 12:51:55','2019-07-23 12:55:04',66850,1,80,87560,0,'2019-07-23 12:51:55'),(46,1,7,6,'3b357f1fd2dbb5141766696c88860f53d5379de30a63c0d0',NULL,'2019-07-23 12:52:35','2019-07-23 12:52:35',NULL,18970,0,0,75940,9,'2019-07-23 12:52:35'),(47,1,15,6,'563bf2ee73ff030686408d3815a119518ff7a5f332e5c061',NULL,'2019-07-31 07:47:11','2019-07-31 07:47:11',NULL,2300,0,0,524400,9,'2019-07-31 07:47:11'),(48,1,15,6,'f29c8d5cd8ed99cbcce48684e5d9d2e90c5a821593464247',NULL,'2019-07-31 07:48:03','2019-07-31 07:48:03',NULL,524390,0,0,524400,9,'2019-07-31 07:48:03'),(49,1,15,6,'4ea252c85fa075e0aa96ea95dd860e92107b83686501daa3',NULL,'2019-07-31 08:00:25','2019-07-31 08:00:25',NULL,524390,0,0,524400,9,'2019-07-31 08:00:25'),(50,1,17,6,'da1931722c025ae11abcf012bca39fc9ec28073aa49a29a6',NULL,'2019-07-31 08:10:00','2019-07-31 08:10:00',NULL,197220,0,0,197230,9,'2019-07-31 08:10:00'),(51,1,16,6,'26cfcae665ab4cc79ad34ae900853beb3330d2c306611c19',NULL,'2019-07-31 08:13:55','2019-07-31 08:13:55',NULL,12100,0,0,300390,9,'2019-07-31 08:13:55'),(52,1,16,6,'42377c244b216e2555f6e9d79ecd3e0c127aee83f03ad6b3',NULL,'2019-07-31 08:14:25','2019-07-31 08:14:25',NULL,300380,0,0,300390,9,'2019-07-31 08:14:25'),(53,1,18,6,'5f482111fa7f6da3ff4ad9b52fdb5c7ef4c7542f0b28eea0',NULL,'2019-07-31 08:20:13','2019-07-31 08:20:13',NULL,291980,0,0,291990,9,'2019-07-31 08:20:13'),(54,1,19,43,'59da2e7a3f21c6c639d1395ab3253e2bbb516141703b3228',NULL,'2019-07-31 16:06:42','2019-07-31 16:06:42','2019-08-02 23:55:03',524400,1,50,524400,1,'2019-07-31 16:06:42'),(55,1,20,47,'b915d5fcc2c896c01dcc6669f83651ff897ec2dd37064c3a',NULL,'2019-07-31 16:08:57','2019-07-31 16:08:57','2019-08-02 23:58:54',291660,1,60,291660,0,'2019-07-31 16:08:57'),(56,1,21,45,'4f091063fd0f00f555ae33f342e101e7c36278b01f2c7718',NULL,'2019-07-31 16:14:04','2019-07-31 16:14:04','2019-08-02 23:57:41',262780,1,80,262780,1,'2019-07-31 16:14:04'),(57,1,19,44,'a1899ae2708f5177e13f21aea729a8174ecd87652f27b80c',NULL,'2019-07-31 16:17:26','2019-07-31 16:17:26','2019-08-02 23:56:51',524400,0,30,524400,1,'2019-07-31 16:17:26'),(58,1,20,46,'5f79d26c6d4526deafb0c12d953dbabcf0446bc438a00c17',NULL,'2019-07-31 16:20:25','2019-07-31 16:20:25','2019-08-02 23:58:21',291660,1,80,291660,0,'2019-07-31 16:20:25'),(59,1,2,6,'170697376c6757a4a7b59928b8721ee005df69dee21b87aa',NULL,'2019-08-28 09:01:42','2019-08-28 09:01:42','2019-08-28 09:02:04',31410,1,100,75940,0,'2019-08-28 09:01:42'),(60,1,5,6,'6f1922d0c12f2c0fa151f3f5cdb21c710dda1ee0d7304a68',NULL,'2019-08-28 09:02:10','2019-08-28 09:02:10','2019-08-28 09:02:25',11250,1,80,87560,0,'2019-08-28 09:02:10'),(61,1,7,6,'6d606098b83db98484e4dc5433d8dfbd39615f533a447d42',NULL,'2019-08-28 09:02:41','2019-08-28 09:02:41','2019-08-28 09:02:49',7520,0,20,75940,1,'2019-08-28 09:02:41'),(62,1,14,6,'94838946ca08516761dd72c6d2b4760912e0c7cd0e8cfc58',NULL,'2019-08-28 09:03:06','2019-08-28 09:03:06','2019-08-28 09:03:14',2040,0,10,120900,1,'2019-08-28 09:03:06'),(63,1,9,6,'186308afa2a0466e3ab66c8c2ffc66fc9688877b3d3a5fd0',NULL,'2019-08-28 09:03:32','2019-08-28 09:03:32',NULL,53810,0,0,130050,9,'2019-08-28 09:03:32');
/*!40000 ALTER TABLE `log_contents_history_student` ENABLE KEYS */;
UNLOCK TABLES;

--
-- Table structure for table `log_contents_history_student_event`
--

DROP TABLE IF EXISTS `log_contents_history_student_event`;
/*!40101 SET @saved_cs_client     = @@character_set_client */;
/*!40101 SET character_set_client = utf8 */;
CREATE TABLE `log_contents_history_student_event` (
  `event_id` bigint(20) unsigned NOT NULL AUTO_INCREMENT,
  `contents_category_id` tinyint(3) unsigned NOT NULL DEFAULT '1',
  `history_id` bigint(20) unsigned NOT NULL,
  `progress_time` bigint(20) unsigned NOT NULL,
  `position` bigint(20) unsigned NOT NULL,
  `event_action_id` tinyint(3) unsigned NOT NULL,
  `speed_id` tinyint(3) unsigned NOT NULL,
  `volume_id` tinyint(3) unsigned NOT NULL,
  PRIMARY KEY (`event_id`),
  KEY `history_id` (`history_id`),
  KEY `event_action_id` (`event_action_id`),
  KEY `speed_id` (`speed_id`),
  KEY `volume_id` (`volume_id`),
  KEY `FK_log_contents_history_student_event_mst_contents_category` (`contents_category_id`),
  CONSTRAINT `FK_log_contents_history_student_event_mst_contents_category` FOREIGN KEY (`contents_category_id`) REFERENCES `mst_contents_category` (`contents_category_id`),
  CONSTRAINT `log_contents_history_student_event_ibfk_2` FOREIGN KEY (`event_action_id`) REFERENCES `mst_event_action` (`event_action_id`),
  CONSTRAINT `log_contents_history_student_event_ibfk_3` FOREIGN KEY (`speed_id`) REFERENCES `mst_speed` (`speed_id`),
  CONSTRAINT `log_contents_history_student_event_ibfk_4` FOREIGN KEY (`volume_id`) REFERENCES `mst_volume` (`volume_id`),
  CONSTRAINT `log_contents_history_student_event_ibfk_5` FOREIGN KEY (`history_id`) REFERENCES `log_contents_history_student` (`history_id`)
) ENGINE=InnoDB AUTO_INCREMENT=1019 DEFAULT CHARSET=utf8 COLLATE=utf8_bin;
/*!40101 SET character_set_client = @saved_cs_client */;

--
-- Dumping data for table `log_contents_history_student_event`
--

LOCK TABLES `log_contents_history_student_event` WRITE;
/*!40000 ALTER TABLE `log_contents_history_student_event` DISABLE KEYS */;
INSERT INTO `log_contents_history_student_event` VALUES (1,1,3,53,0,0,0,100),(2,1,3,630,0,2,10,100),(3,1,3,642,10,2,0,100),(4,1,3,1128,10,2,10,100),(5,1,3,1170,50,3,10,100),(6,1,3,8898,7780,2,0,100),(7,1,3,8951,7780,2,10,100),(8,1,3,17090,15920,2,0,100),(9,1,3,17140,15920,2,10,100),(10,1,3,30355,29130,2,0,100),(11,1,3,30398,29130,2,10,100),(12,1,3,46504,45240,2,0,100),(13,1,3,46538,45240,2,10,100),(14,1,3,53478,52180,255,0,100),(15,1,4,40,0,0,0,100),(16,1,4,392,0,2,10,100),(17,1,4,411,10,2,0,100),(18,1,4,1522,10,2,10,100),(19,1,4,4234,2730,3,10,100),(20,1,4,5764,4260,255,0,100),(21,1,5,44,0,0,0,100),(22,1,5,297,0,2,10,100),(23,1,5,309,10,2,0,100),(24,1,5,829,10,2,10,100),(25,1,5,2867,2050,3,10,100),(26,1,5,5683,4860,255,0,100),(27,1,6,31,0,0,0,100),(28,1,6,518,0,2,10,100),(29,1,6,530,10,255,0,100),(30,1,8,30,0,0,0,100),(31,1,8,586,0,2,10,100),(32,1,8,598,10,2,0,100),(33,1,8,2529,10,3,0,100),(34,1,8,9900,10,2,0,100),(35,1,8,11306,10,2,10,100),(36,1,8,19072,7770,2,0,100),(37,1,8,19115,7770,2,10,100),(38,1,8,30203,18860,2,0,100),(39,1,8,30234,18860,2,10,100),(40,1,8,40159,28790,2,0,100),(41,1,8,40197,28790,2,10,100),(42,1,8,57010,45600,2,0,100),(43,1,8,57058,45600,2,10,100),(44,1,8,73306,61850,2,0,100),(45,1,8,73336,61850,2,10,100),(46,1,8,83341,71850,2,0,100),(47,1,8,83377,71850,2,10,100),(48,1,8,94556,83030,2,0,100),(49,1,8,94594,83030,2,10,100),(50,1,8,102307,87560,255,0,100),(99,1,9,40,0,0,0,100),(100,1,9,304,0,2,10,100),(101,1,9,317,10,2,0,100),(102,1,9,938,10,2,10,100),(103,1,9,1645,720,3,10,100),(104,1,9,8720,7790,2,0,100),(105,1,9,8744,7790,2,10,100),(106,1,9,19837,18880,2,0,100),(107,1,9,19868,18880,2,10,100),(108,1,9,29772,28790,2,0,100),(109,1,9,29805,28790,2,10,100),(110,1,9,46650,45630,2,0,100),(111,1,9,46650,45630,2,10,100),(112,1,9,47982,46960,255,0,100),(113,1,11,30,0,0,0,100),(114,1,11,290,0,2,10,100),(115,1,11,297,0,2,0,100),(116,1,11,880,0,2,10,100),(117,1,11,1059,180,3,10,100),(118,1,11,8642,7760,2,0,100),(119,1,11,8690,7760,2,10,100),(120,1,11,19776,18850,2,0,100),(121,1,11,19830,18850,2,10,100),(122,1,11,29734,28750,2,0,100),(123,1,11,29769,28750,2,10,100),(124,1,11,46593,45580,2,0,100),(125,1,11,46593,45580,2,10,100),(126,1,11,62868,61850,2,0,100),(127,1,11,62888,61850,2,10,100),(128,1,11,64240,63210,255,0,100),(174,1,13,46,0,0,0,100),(175,1,13,295,0,2,10,100),(176,1,13,302,0,2,0,100),(177,1,13,911,0,2,10,100),(178,1,13,980,70,3,10,100),(179,1,13,5877,4970,255,0,100),(180,1,13,46,0,0,0,100),(181,1,13,295,0,2,10,100),(182,1,13,302,0,2,0,100),(183,1,13,911,0,2,10,100),(184,1,13,980,70,3,10,100),(185,1,13,5877,4970,255,0,100),(186,1,10,44,0,0,0,100),(187,1,10,344,0,2,10,100),(188,1,10,355,10,2,0,100),(189,1,10,864,10,2,10,100),(190,1,10,1450,590,3,10,100),(191,1,10,8625,7770,2,0,100),(192,1,10,8684,7770,2,10,100),(193,1,10,16814,15900,2,0,100),(194,1,10,16855,15900,2,10,100),(195,1,10,28293,27340,255,0,100),(196,1,12,28,0,0,0,100),(197,1,12,337,0,2,10,100),(198,1,12,344,0,2,0,100),(199,1,12,869,0,2,10,100),(200,1,12,1067,200,3,10,100),(201,1,12,8642,7780,2,0,100),(202,1,12,8687,7780,2,10,100),(203,1,12,16831,15920,2,0,100),(204,1,12,16855,15920,2,10,100),(205,1,12,30036,29100,2,0,100),(206,1,12,30086,29100,2,10,100),(207,1,12,30410,29420,2,0,100),(208,1,12,30537,17980,1,0,100),(209,1,12,30537,17980,2,10,100),(210,1,12,30548,17990,2,0,100),(211,1,12,30587,17990,2,10,100),(212,1,12,32090,19490,2,0,100),(213,1,12,32191,19490,2,32,100),(214,1,12,32198,19510,2,0,100),(215,1,12,32198,19510,2,32,100),(216,1,12,32209,19510,2,32,100),(217,1,12,35219,29140,2,0,100),(218,1,12,35231,29140,2,32,100),(219,1,12,39122,41590,2,0,100),(220,1,12,39264,70110,1,0,100),(221,1,12,39264,70110,2,0,100),(222,1,12,39264,70110,2,32,100),(223,1,12,39313,70110,2,32,100),(224,1,12,40331,73360,2,0,100),(225,1,12,40496,47160,1,0,100),(226,1,12,40496,47160,2,0,100),(227,1,12,40496,47160,2,32,100),(228,1,12,40528,47160,2,32,100),(229,1,12,47030,67960,2,0,100),(230,1,12,47046,67960,2,32,100),(231,1,12,49316,75230,2,0,100),(232,1,12,49347,75230,2,32,100),(233,1,12,50761,79750,2,0,100),(234,1,12,50873,98230,1,0,100),(235,1,12,50873,98230,2,0,100),(236,1,12,50873,98230,2,32,100),(237,1,12,50912,98230,2,32,100),(238,1,12,51489,100070,2,0,100),(239,1,12,51601,82450,1,0,100),(240,1,12,51601,82450,2,0,100),(241,1,12,51601,82450,2,32,100),(242,1,12,51608,82450,2,32,100),(243,1,12,55869,96080,2,0,100),(244,1,12,55887,96080,2,32,100),(245,1,12,58561,104640,2,0,100),(246,1,12,58609,104640,2,32,100),(247,1,12,62671,109170,255,0,100),(248,1,14,44,0,0,0,100),(249,1,14,429,0,2,10,100),(250,1,14,438,0,2,0,100),(251,1,14,1098,0,2,10,100),(252,1,14,2053,960,3,10,100),(253,1,14,8868,7770,2,0,100),(254,1,14,8929,7770,2,10,100),(255,1,14,12679,11520,255,0,100),(256,1,15,82,0,0,0,100),(257,1,15,571,0,2,10,100),(258,1,15,584,10,2,0,100),(259,1,15,1077,10,3,0,100),(260,1,15,1332,10,255,10,100),(261,1,16,28,0,0,0,100),(262,1,16,305,0,2,10,100),(263,1,16,314,0,2,0,100),(264,1,16,871,0,255,10,100),(265,1,16,28,0,0,0,100),(266,1,16,305,0,2,10,100),(267,1,16,314,0,2,0,100),(268,1,16,871,0,2,10,100),(269,1,16,1186,320,255,10,100),(270,1,17,70,0,0,0,100),(271,1,17,529,0,2,10,100),(272,1,17,536,0,2,0,100),(273,1,17,746,0,2,10,100),(274,1,17,1853,1110,255,10,100),(281,1,18,30,0,0,0,100),(282,1,18,347,0,2,10,100),(283,1,18,359,10,2,0,100),(284,1,18,886,10,2,10,100),(285,1,18,1096,220,3,10,100),(286,1,18,3516,2640,255,0,100),(287,1,19,31,0,0,0,100),(288,1,19,318,0,2,10,100),(289,1,19,333,10,2,0,100),(290,1,19,861,10,2,10,100),(291,1,19,1490,640,3,10,100),(292,1,19,8625,7770,2,0,100),(293,1,19,8659,7770,2,10,100),(294,1,19,13252,12370,2,0,100),(295,1,19,58250,12370,2,0,100),(296,1,19,58250,12370,2,10,100),(297,1,19,58805,12370,2,10,100),(298,1,19,66202,19760,255,0,100),(299,1,20,30,0,0,0,100),(300,1,20,421,0,2,10,100),(301,1,20,430,0,2,0,100),(302,1,20,1095,0,2,10,100),(303,1,20,8879,7790,2,0,100),(304,1,20,8892,7790,2,10,100),(305,1,20,13542,12440,255,0,100),(306,1,21,50,0,0,0,100),(307,1,21,305,0,2,10,100),(308,1,21,318,10,2,0,100),(309,1,21,823,10,2,10,100),(310,1,21,1504,690,255,10,100),(311,1,22,18,0,0,0,100),(312,1,22,318,0,2,10,100),(313,1,22,328,10,2,0,100),(314,1,22,466,10,2,10,100),(315,1,22,6847,6390,2,0,100),(316,1,22,6947,16290,1,0,100),(317,1,22,6947,16290,2,10,100),(318,1,22,6958,16300,2,0,100),(319,1,22,7188,16300,2,10,100),(320,1,22,11938,21050,2,0,100),(321,1,22,11956,21050,2,10,100),(322,1,22,14066,31380,1,10,100),(323,1,22,14077,31390,2,0,100),(324,1,22,14090,31390,2,10,100),(325,1,22,19078,53610,1,10,100),(326,1,22,19078,53610,2,0,100),(327,1,22,19108,53610,2,10,100),(328,1,22,23569,71160,1,10,100),(329,1,22,23581,71170,2,0,100),(330,1,22,23585,71170,2,10,100),(331,1,22,30597,75940,255,0,100),(347,1,25,31,0,0,0,100),(348,1,25,313,0,2,10,100),(349,1,25,324,10,2,0,100),(350,1,25,859,10,2,10,100),(351,1,25,8644,7790,2,0,100),(352,1,25,8672,7790,2,10,100),(353,1,25,19753,18870,2,0,100),(354,1,25,19753,18870,2,10,100),(355,1,25,29652,28770,2,0,100),(356,1,25,29675,28770,2,10,100),(357,1,25,46516,45610,2,0,100),(358,1,25,46538,45610,2,10,100),(359,1,25,61418,60490,255,0,100),(363,1,23,32,0,0,0,100),(364,1,23,503,0,2,10,100),(365,1,23,511,0,2,0,100),(366,1,23,1028,0,2,10,100),(367,1,23,1211,190,3,10,100),(368,1,23,4285,3260,255,0,100),(369,1,24,32,0,0,0,100),(370,1,24,441,0,2,10,100),(371,1,24,449,0,2,0,100),(372,1,24,869,0,2,10,100),(373,1,24,8635,7770,2,0,100),(374,1,24,8675,7770,2,10,100),(375,1,24,16823,15920,2,0,100),(376,1,24,16845,15920,2,10,100),(377,1,24,20991,20060,255,0,100),(378,1,26,33,0,0,0,100),(379,1,26,421,0,2,10,100),(380,1,26,433,10,2,0,100),(381,1,26,931,10,255,10,100),(382,1,27,33,0,0,0,100),(383,1,27,341,0,2,10,100),(384,1,27,353,10,2,0,100),(385,1,27,875,10,2,10,100),(386,1,27,1128,260,255,10,100),(387,1,28,24,0,0,0,100),(388,1,28,3412,0,2,10,100),(389,1,28,3488,70,2,0,100),(390,1,28,3513,70,2,10,100),(391,1,28,24259,20820,2,0,100),(392,1,28,24259,20820,2,24,100),(393,1,28,24344,21020,2,0,100),(394,1,28,24344,21020,2,24,100),(395,1,28,24491,21020,2,24,100),(396,1,28,25924,24460,2,0,100),(397,1,28,29103,24460,2,40,100),(398,1,28,29117,24520,2,0,100),(399,1,28,29117,24520,2,40,100),(400,1,28,29232,24520,2,40,100),(401,1,28,33779,42700,2,0,100),(402,1,28,33861,42700,2,23,100),(403,1,28,33881,42750,2,0,100),(404,1,28,33881,42750,2,23,100),(405,1,28,34013,42750,2,23,100),(406,1,28,38983,54180,2,0,100),(407,1,28,41423,82650,1,0,100),(408,1,28,41423,82650,2,0,100),(409,1,28,41423,82650,2,23,100),(410,1,28,41506,82650,2,23,100),(411,1,28,45422,91650,2,0,100),(412,1,28,45568,17710,1,0,100),(413,1,28,45568,17710,2,23,100),(414,1,28,45573,17720,2,0,100),(415,1,28,45631,17720,2,23,100),(416,1,28,64818,70970,1,23,100),(417,1,28,64818,70970,2,0,100),(418,1,28,64903,70970,2,23,100),(419,1,28,176897,130050,255,0,100),(420,1,29,26,0,0,0,100),(421,1,29,1787,0,2,10,100),(422,1,29,1798,10,2,0,100),(423,1,29,2430,10,2,10,100),(424,1,29,13732,11310,255,0,100),(425,1,30,36,0,0,0,100),(426,1,30,2829,0,2,0,100),(427,1,30,2829,0,2,10,100),(428,1,30,2903,0,2,10,100),(429,1,30,7626,4720,2,0,100),(430,1,30,7706,69070,1,0,100),(431,1,30,10718,69070,2,0,100),(432,1,30,10718,69070,2,10,100),(433,1,30,10787,69070,2,10,100),(434,1,30,12767,71050,2,0,100),(435,1,30,12859,71050,2,0,100),(436,1,30,12859,71050,2,10,100),(437,1,30,12947,71050,2,10,100),(438,1,30,19325,75940,255,0,100),(439,1,31,40,0,0,0,100),(440,1,31,2091,0,2,0,100),(441,1,31,2091,0,2,10,100),(442,1,31,2169,0,2,10,100),(443,1,31,8918,6740,2,0,100),(444,1,31,8990,81770,1,0,100),(445,1,31,11430,81770,2,0,100),(446,1,31,11430,81770,2,10,100),(447,1,31,11492,81770,2,10,100),(448,1,31,12551,82820,2,0,100),(449,1,31,12708,82820,2,0,100),(450,1,31,12708,82820,2,10,100),(451,1,31,12768,82820,2,10,100),(452,1,31,18995,87560,255,0,100),(453,1,32,43,0,0,0,100),(454,1,32,691,0,2,10,100),(455,1,32,703,10,2,0,100),(456,1,32,802,10,2,10,100),(457,1,32,2100,1310,3,10,100),(458,1,32,4820,4030,255,0,100),(459,1,33,55,0,0,0,100),(460,1,33,774,0,2,10,100),(461,1,33,801,20,2,0,100),(462,1,33,801,20,2,10,100),(463,1,33,4161,3380,3,10,100),(464,1,33,5037,4260,255,0,100),(465,1,34,54,0,0,0,100),(466,1,34,3011,0,2,0,100),(467,1,34,3011,0,2,10,100),(468,1,34,3694,0,2,10,100),(469,1,34,17918,14220,255,0,100),(470,1,35,41,0,0,0,100),(471,1,35,1058,0,2,10,100),(472,1,35,1065,0,2,0,100),(473,1,35,1454,0,3,0,100),(474,1,35,1598,0,2,10,100),(475,1,35,9378,7780,2,0,100),(476,1,35,9406,7780,2,10,100),(477,1,35,43084,41460,2,0,100),(478,1,35,43084,41460,2,10,100),(479,1,35,66002,64380,2,0,100),(480,1,35,66058,64380,2,10,100),(481,1,35,78277,76600,2,0,100),(482,1,35,78305,76600,2,10,100),(483,1,35,117703,116000,2,0,100),(484,1,35,118077,116000,2,10,100),(485,1,35,141466,139380,2,0,100),(486,1,35,141525,139380,2,10,100),(487,1,35,169261,143890,255,0,100),(488,1,36,41,0,0,0,100),(489,1,36,432,0,2,10,100),(490,1,36,443,10,2,0,100),(491,1,36,949,10,3,0,100),(492,1,36,1001,10,2,10,100),(493,1,36,8782,7790,2,0,100),(494,1,36,8782,7790,2,10,100),(495,1,36,42440,41450,2,0,100),(496,1,36,42481,41450,2,10,100),(497,1,36,63843,62810,255,0,100),(498,1,37,49,0,0,0,100),(499,1,37,420,0,2,10,100),(500,1,37,433,10,2,0,100),(501,1,37,792,10,2,10,100),(502,1,37,1361,580,2,0,100),(503,1,37,1473,65890,1,0,100),(504,1,37,2217,65890,3,0,100),(505,1,37,3862,9480,1,0,100),(506,1,37,5024,9480,2,10,100),(507,1,37,5035,9490,2,0,100),(508,1,37,5070,9490,2,10,100),(509,1,37,22005,26420,2,0,100),(510,1,37,22052,26420,2,10,100),(511,1,37,46030,50400,2,0,100),(512,1,37,46072,50400,2,10,100),(513,1,37,59826,64150,2,0,100),(514,1,37,70314,64150,2,0,100),(515,1,37,70361,64150,2,10,100),(516,1,37,81915,75710,2,0,100),(517,1,37,81942,75710,2,10,100),(518,1,37,89480,83250,2,0,100),(519,1,37,89512,83250,2,10,100),(520,1,37,112327,106060,2,0,100),(521,1,37,112373,106060,2,10,100),(522,1,37,123256,116940,255,0,100),(523,1,38,42,0,0,0,100),(524,1,38,335,0,2,10,100),(525,1,38,351,10,2,0,100),(526,1,38,964,10,2,10,100),(527,1,38,1068,120,3,10,100),(528,1,38,4509,3560,255,0,100),(529,1,39,31,0,0,0,100),(530,1,39,334,0,2,10,100),(531,1,39,341,0,2,0,100),(532,1,39,862,0,2,10,100),(533,1,39,943,80,3,10,100),(534,1,39,8645,7790,2,0,100),(535,1,39,8681,7790,2,10,100),(536,1,39,21989,21090,2,0,100),(537,1,39,22025,21090,2,10,100),(538,1,39,32459,31530,2,0,100),(539,1,39,32504,31530,2,10,100),(540,1,39,45798,44820,255,0,100),(541,1,40,33,0,0,0,100),(542,1,40,700,0,2,0,100),(543,1,40,700,0,2,10,100),(544,1,40,1161,0,3,0,100),(545,1,40,1387,0,2,10,100),(546,1,40,72373,70980,2,0,100),(547,1,40,72416,70980,2,10,100),(548,1,40,223713,130050,255,0,100),(549,1,41,32,0,0,0,100),(550,1,41,21730,0,2,10,100),(551,1,41,21743,10,2,0,100),(552,1,41,21882,10,2,10,100),(553,1,41,24799,2930,3,10,86),(554,1,41,25754,3880,3,10,49),(555,1,41,29627,7750,2,0,49),(556,1,41,35846,7750,2,0,49),(557,1,41,35846,7750,2,10,49),(558,1,41,35891,7750,2,10,49),(559,1,41,40632,12490,2,0,49),(560,1,41,40827,19700,1,0,49),(561,1,41,40827,19700,2,10,49),(562,1,41,40840,19710,2,0,49),(563,1,41,40846,19710,2,10,49),(564,1,41,42197,21060,2,0,49),(565,1,41,43393,21060,255,0,49),(566,1,41,32,0,0,0,100),(567,1,41,21730,0,2,10,100),(568,1,41,21743,10,2,0,100),(569,1,41,21882,10,2,10,100),(570,1,41,24799,2930,3,10,86),(571,1,41,25754,3880,3,10,49),(572,1,41,29627,7750,2,0,49),(573,1,41,35846,7750,2,0,49),(574,1,41,35846,7750,2,10,49),(575,1,41,35891,7750,2,10,49),(576,1,41,40632,12490,2,0,49),(577,1,41,40827,19700,1,0,49),(578,1,41,40827,19700,2,10,49),(579,1,41,40840,19710,2,0,49),(580,1,41,40846,19710,2,10,49),(581,1,41,42197,21060,2,0,49),(582,1,41,43393,21060,255,0,49),(583,1,41,32,0,0,0,100),(584,1,41,21730,0,2,10,100),(585,1,41,21743,10,2,0,100),(586,1,41,21882,10,2,10,100),(587,1,41,24799,2930,3,10,86),(588,1,41,25754,3880,3,10,49),(589,1,41,29627,7750,2,0,49),(590,1,41,35846,7750,2,0,49),(591,1,41,35846,7750,2,10,49),(592,1,41,35891,7750,2,10,49),(593,1,41,40632,12490,2,0,49),(594,1,41,40827,19700,1,0,49),(595,1,41,40827,19700,2,10,49),(596,1,41,40840,19710,2,0,49),(597,1,41,40846,19710,2,10,49),(598,1,41,42197,21060,2,0,49),(599,1,41,43393,21060,255,0,49),(600,1,42,24,0,0,0,100),(601,1,42,7323,0,2,10,100),(602,1,42,7336,10,2,0,100),(603,1,42,7474,10,2,10,100),(604,1,42,15238,7770,2,0,100),(605,1,42,18025,7770,2,10,100),(606,1,42,18035,7780,2,0,100),(607,1,42,18054,7780,2,10,100),(608,1,42,31377,21110,2,0,100),(609,1,42,31397,21110,2,10,100),(610,1,42,41806,31510,2,0,100),(611,1,42,46523,31510,2,10,100),(612,1,42,46535,31530,2,0,100),(613,1,42,46551,31530,2,10,100),(614,1,42,68826,53800,2,0,100),(615,1,42,83523,53800,2,10,100),(616,1,42,83533,53810,2,0,100),(617,1,42,83544,53810,2,10,100),(618,1,42,101126,71390,2,0,100),(619,1,42,101153,71390,2,10,100),(620,1,42,128496,75940,255,0,100),(621,1,45,22,0,0,0,100),(622,1,45,5678,0,2,10,100),(623,1,45,5690,10,2,0,100),(624,1,45,5747,10,2,10,100),(625,1,45,13499,7760,2,0,100),(626,1,45,27610,7760,2,10,100),(627,1,45,27617,7770,2,0,100),(628,1,45,27639,7770,2,10,100),(629,1,45,38679,18810,2,0,100),(630,1,45,61681,18810,2,10,100),(631,1,45,61689,18810,2,0,100),(632,1,45,61757,18810,2,10,100),(633,1,45,71640,28700,2,0,100),(634,1,45,96092,28700,2,10,100),(635,1,45,96098,28700,2,0,100),(636,1,45,96171,28700,2,10,100),(637,1,45,112969,45500,2,0,100),(638,1,45,147828,45500,2,10,100),(639,1,45,147841,45510,2,0,100),(640,1,45,147898,45510,2,10,100),(641,1,45,164140,61760,2,0,100),(642,1,45,170988,61760,2,10,100),(643,1,45,171000,61770,2,0,100),(644,1,45,171011,61770,2,10,100),(645,1,45,176097,66850,255,0,100),(646,1,45,22,0,0,0,100),(647,1,45,5678,0,2,10,100),(648,1,45,5690,10,2,0,100),(649,1,45,5747,10,2,10,100),(650,1,45,13499,7760,2,0,100),(651,1,45,27610,7760,2,10,100),(652,1,45,27617,7770,2,0,100),(653,1,45,27639,7770,2,10,100),(654,1,45,38679,18810,2,0,100),(655,1,45,61681,18810,2,10,100),(656,1,45,61689,18810,2,0,100),(657,1,45,61757,18810,2,10,100),(658,1,45,71640,28700,2,0,100),(659,1,45,96092,28700,2,10,100),(660,1,45,96098,28700,2,0,100),(661,1,45,96171,28700,2,10,100),(662,1,45,112969,45500,2,0,100),(663,1,45,147828,45500,2,10,100),(664,1,45,147841,45510,2,0,100),(665,1,45,147898,45510,2,10,100),(666,1,45,164140,61760,2,0,100),(667,1,45,170988,61760,2,10,100),(668,1,45,171000,61770,2,0,100),(669,1,45,171011,61770,2,10,100),(670,1,45,176097,66850,255,0,100),(671,1,45,22,0,0,0,100),(672,1,45,5678,0,2,10,100),(673,1,45,5690,10,2,0,100),(674,1,45,5747,10,2,10,100),(675,1,45,13499,7760,2,0,100),(676,1,45,27610,7760,2,10,100),(677,1,45,27617,7770,2,0,100),(678,1,45,27639,7770,2,10,100),(679,1,45,38679,18810,2,0,100),(680,1,45,61681,18810,2,10,100),(681,1,45,61689,18810,2,0,100),(682,1,45,61757,18810,2,10,100),(683,1,45,71640,28700,2,0,100),(684,1,45,96092,28700,2,10,100),(685,1,45,96098,28700,2,0,100),(686,1,45,96171,28700,2,10,100),(687,1,45,112969,45500,2,0,100),(688,1,45,147828,45500,2,10,100),(689,1,45,147841,45510,2,0,100),(690,1,45,147898,45510,2,10,100),(691,1,45,164140,61760,2,0,100),(692,1,45,170988,61760,2,10,100),(693,1,45,171000,61770,2,0,100),(694,1,45,171011,61770,2,10,100),(695,1,45,176097,66850,255,0,100),(696,1,45,22,0,0,0,100),(697,1,45,5678,0,2,10,100),(698,1,45,5690,10,2,0,100),(699,1,45,5747,10,2,10,100),(700,1,45,13499,7760,2,0,100),(701,1,45,27610,7760,2,10,100),(702,1,45,27617,7770,2,0,100),(703,1,45,27639,7770,2,10,100),(704,1,45,38679,18810,2,0,100),(705,1,45,61681,18810,2,10,100),(706,1,45,61689,18810,2,0,100),(707,1,45,61757,18810,2,10,100),(708,1,45,71640,28700,2,0,100),(709,1,45,96092,28700,2,10,100),(710,1,45,96098,28700,2,0,100),(711,1,45,96171,28700,2,10,100),(712,1,45,112969,45500,2,0,100),(713,1,45,147828,45500,2,10,100),(714,1,45,147841,45510,2,0,100),(715,1,45,147898,45510,2,10,100),(716,1,45,164140,61760,2,0,100),(717,1,45,170988,61760,2,10,100),(718,1,45,171000,61770,2,0,100),(719,1,45,171011,61770,2,10,100),(720,1,45,176097,66850,255,0,100),(721,1,45,22,0,0,0,100),(722,1,45,5678,0,2,10,100),(723,1,45,5690,10,2,0,100),(724,1,45,5747,10,2,10,100),(725,1,45,13499,7760,2,0,100),(726,1,45,27610,7760,2,10,100),(727,1,45,27617,7770,2,0,100),(728,1,45,27639,7770,2,10,100),(729,1,45,38679,18810,2,0,100),(730,1,45,61681,18810,2,10,100),(731,1,45,61689,18810,2,0,100),(732,1,45,61757,18810,2,10,100),(733,1,45,71640,28700,2,0,100),(734,1,45,96092,28700,2,10,100),(735,1,45,96098,28700,2,0,100),(736,1,45,96171,28700,2,10,100),(737,1,45,112969,45500,2,0,100),(738,1,45,147828,45500,2,10,100),(739,1,45,147841,45510,2,0,100),(740,1,45,147898,45510,2,10,100),(741,1,45,164140,61760,2,0,100),(742,1,45,170988,61760,2,10,100),(743,1,45,171000,61770,2,0,100),(744,1,45,171011,61770,2,10,100),(745,1,45,176097,66850,255,0,100),(746,1,45,22,0,0,0,100),(747,1,45,5678,0,2,10,100),(748,1,45,5690,10,2,0,100),(749,1,45,5747,10,2,10,100),(750,1,45,13499,7760,2,0,100),(751,1,45,27610,7760,2,10,100),(752,1,45,27617,7770,2,0,100),(753,1,45,27639,7770,2,10,100),(754,1,45,38679,18810,2,0,100),(755,1,45,61681,18810,2,10,100),(756,1,45,61689,18810,2,0,100),(757,1,45,61757,18810,2,10,100),(758,1,45,71640,28700,2,0,100),(759,1,45,96092,28700,2,10,100),(760,1,45,96098,28700,2,0,100),(761,1,45,96171,28700,2,10,100),(762,1,45,112969,45500,2,0,100),(763,1,45,147828,45500,2,10,100),(764,1,45,147841,45510,2,0,100),(765,1,45,147898,45510,2,10,100),(766,1,45,164140,61760,2,0,100),(767,1,45,170988,61760,2,10,100),(768,1,45,171000,61770,2,0,100),(769,1,45,171011,61770,2,10,100),(770,1,45,176097,66850,255,0,100),(771,1,54,83,0,0,0,100),(772,1,54,2350,0,2,10,100),(773,1,54,2361,10,2,0,100),(774,1,54,2439,10,2,10,100),(775,1,54,7874,5440,2,0,100),(776,1,54,8075,62320,1,0,100),(777,1,54,8075,62320,2,10,100),(778,1,54,8083,62320,2,0,100),(779,1,54,8112,62320,2,10,100),(780,1,54,16429,70640,2,0,100),(781,1,54,16630,139590,1,0,100),(782,1,54,16630,139590,2,10,100),(783,1,54,16642,139600,2,0,100),(784,1,54,16663,139600,2,10,100),(785,1,54,20013,142950,2,0,100),(786,1,54,20203,231910,1,0,100),(787,1,54,20203,231910,2,10,100),(788,1,54,20210,231910,2,0,100),(789,1,54,20240,231910,2,10,100),(790,1,54,27839,239510,2,0,100),(791,1,54,28022,59310,1,0,100),(792,1,54,28022,59310,2,10,100),(793,1,54,28029,59310,2,0,100),(794,1,54,28052,59310,2,10,100),(795,1,54,33663,64920,2,0,100),(796,1,54,33859,256000,1,0,100),(797,1,54,33859,256000,2,10,100),(798,1,54,33870,256010,2,0,100),(799,1,54,33881,256010,2,10,100),(800,1,54,41074,263200,2,0,100),(801,1,54,41269,326240,1,0,100),(802,1,54,41269,326240,2,10,100),(803,1,54,41282,326250,2,0,100),(804,1,54,41291,326250,2,10,100),(805,1,54,44673,329630,2,0,100),(806,1,54,44862,419570,1,0,100),(807,1,54,44862,419570,2,10,100),(808,1,54,44874,419580,2,0,100),(809,1,54,44890,419580,2,10,100),(810,1,54,46801,421490,2,0,100),(811,1,54,46993,496840,1,0,100),(812,1,54,46993,496840,2,10,100),(813,1,54,46999,496840,2,0,100),(814,1,54,47010,496840,2,10,100),(815,1,54,76494,524400,255,0,100),(816,1,55,34,0,0,0,100),(817,1,55,1195,0,2,10,100),(818,1,55,1207,10,2,0,100),(819,1,55,1235,10,2,10,100),(820,1,55,19191,17960,2,0,100),(821,1,55,19205,17960,2,10,100),(822,1,55,20262,19020,2,0,100),(823,1,55,69129,19020,2,10,100),(824,1,55,69135,19030,2,0,100),(825,1,55,69167,19030,2,10,100),(826,1,55,121964,71820,2,0,100),(827,1,55,121986,71820,2,10,100),(828,1,55,129543,79380,2,0,100),(829,1,55,129566,79380,2,10,100),(830,1,55,171898,121710,2,0,100),(831,1,55,171925,121710,2,10,100),(832,1,55,182415,132200,2,0,100),(833,1,55,182436,132200,2,10,100),(834,1,55,208150,157920,2,0,100),(835,1,55,208157,157920,2,10,100),(836,1,55,213494,163250,2,0,100),(837,1,55,213686,180330,1,0,100),(838,1,55,213686,180330,2,10,100),(839,1,55,213693,180330,2,0,100),(840,1,55,214245,180330,2,10,100),(841,1,55,216703,182790,2,0,100),(842,1,55,216905,102190,1,0,100),(843,1,55,216905,102190,2,10,100),(844,1,55,216916,102200,2,0,100),(845,1,55,217086,102200,2,10,100),(846,1,55,221924,107030,2,0,100),(847,1,55,222126,245630,1,0,100),(848,1,55,222126,245630,2,10,100),(849,1,55,222137,245640,2,0,100),(850,1,55,222585,245640,2,10,100),(851,1,55,225047,248100,2,0,100),(852,1,55,225235,283030,1,0,100),(853,1,55,225235,283030,2,10,100),(854,1,55,225246,283040,2,0,100),(855,1,55,225423,283040,2,10,100),(856,1,55,235676,291660,255,0,100),(857,1,56,31,0,0,0,100),(858,1,56,1451,0,2,10,100),(859,1,56,1466,10,2,0,100),(860,1,56,1558,10,2,10,100),(861,1,56,44161,42610,2,0,100),(862,1,56,44183,42610,2,10,100),(863,1,56,59730,58160,2,0,100),(864,1,56,59750,58160,2,10,100),(865,1,56,89173,87580,2,0,100),(866,1,56,89365,122240,1,0,100),(867,1,56,89365,122240,2,10,100),(868,1,56,89376,122250,2,0,100),(869,1,56,89381,122250,2,10,100),(870,1,56,91068,123930,2,0,100),(871,1,56,91258,159460,1,0,100),(872,1,56,91258,159460,2,10,100),(873,1,56,91269,159470,2,0,100),(874,1,56,92048,159470,2,10,100),(875,1,56,110258,177680,2,0,100),(876,1,56,110453,206720,1,0,100),(877,1,56,110453,206720,2,10,100),(878,1,56,110460,206720,2,0,100),(879,1,56,110928,206720,2,10,100),(880,1,56,111598,207390,2,0,100),(881,1,56,111790,241420,1,0,100),(882,1,56,111790,241420,2,10,100),(883,1,56,111801,241430,2,0,100),(884,1,56,112333,241430,2,10,100),(885,1,56,135676,262780,255,0,100),(886,1,57,72,0,0,0,100),(887,1,57,2085,0,2,10,100),(888,1,57,2104,10,2,0,100),(889,1,57,2145,10,2,10,100),(890,1,57,5857,3730,2,0,100),(891,1,57,6051,107480,1,0,100),(892,1,57,6051,107480,2,10,100),(893,1,57,6058,107480,2,0,100),(894,1,57,6074,107480,2,10,100),(895,1,57,8607,110020,2,0,100),(896,1,57,8804,234920,1,0,100),(897,1,57,8804,234920,2,10,100),(898,1,57,8816,234930,2,0,100),(899,1,57,8858,234930,2,10,100),(900,1,57,76244,302310,2,0,100),(901,1,57,76428,175710,1,0,100),(902,1,57,76428,175710,2,10,100),(903,1,57,76435,175710,2,0,100),(904,1,57,76456,175710,2,10,100),(905,1,57,81527,180780,2,0,100),(906,1,57,81537,180780,2,10,100),(907,1,57,93699,192950,2,0,100),(908,1,57,93884,308180,1,0,100),(909,1,57,93884,308180,2,10,100),(910,1,57,93895,308190,2,0,100),(911,1,57,93916,308190,2,10,100),(912,1,57,95630,309900,2,0,100),(913,1,57,95827,504870,1,0,100),(914,1,57,95827,504870,2,10,100),(915,1,57,95838,504880,2,0,100),(916,1,57,95858,504880,2,10,100),(917,1,57,115664,524400,255,0,100),(918,1,58,77,0,0,0,100),(919,1,58,1954,0,2,10,100),(920,1,58,1983,20,2,0,100),(921,1,58,2132,20,2,10,100),(922,1,58,20079,17970,2,0,100),(923,1,58,20094,17970,2,10,100),(924,1,58,47919,45800,2,0,100),(925,1,58,81123,45800,2,10,100),(926,1,58,81136,45810,2,0,100),(927,1,58,81432,45810,2,10,100),(928,1,58,94406,58780,2,0,100),(929,1,58,94594,80430,1,0,100),(930,1,58,94594,80430,2,10,100),(931,1,58,94602,80430,2,0,100),(932,1,58,94775,80430,2,10,100),(933,1,58,96512,82170,2,0,100),(934,1,58,136683,82170,2,10,100),(935,1,58,136693,82180,2,0,100),(936,1,58,136705,82180,2,10,100),(937,1,58,139363,84840,2,0,100),(938,1,58,139558,84840,2,24,100),(939,1,58,139564,84850,2,24,100),(940,1,58,139570,84870,2,0,100),(941,1,58,139582,84870,2,24,100),(942,1,58,141240,88850,2,0,100),(943,1,58,141435,88850,2,33,100),(944,1,58,141439,88860,2,0,100),(945,1,58,141439,88860,2,33,100),(946,1,58,141446,88860,2,33,100),(947,1,58,151474,121950,2,0,100),(948,1,58,151489,121950,2,33,100),(949,1,58,154702,132550,2,0,100),(950,1,58,154725,132550,2,33,100),(951,1,58,160759,152470,2,0,100),(952,1,58,160946,152470,2,22,100),(953,1,58,160952,152480,2,22,100),(954,1,58,160958,152490,2,0,100),(955,1,58,160968,152490,2,22,100),(956,1,58,163666,158430,2,0,100),(957,1,58,163689,158430,2,22,100),(958,1,58,176290,186150,2,0,100),(959,1,58,176482,186150,2,11,100),(960,1,58,176493,186160,2,11,100),(961,1,58,176499,186170,2,0,100),(962,1,58,176517,186170,2,11,100),(963,1,58,201311,213440,2,0,100),(964,1,58,201338,213440,2,11,100),(965,1,58,238222,254020,2,0,100),(966,1,58,238419,280790,1,0,100),(967,1,58,238419,280790,2,11,100),(968,1,58,238426,280790,2,0,100),(969,1,58,238436,280790,2,11,100),(970,1,58,239823,282320,2,0,100),(971,1,58,239828,282320,2,11,100),(972,1,58,249773,291660,255,0,100),(973,1,59,53,0,0,0,100),(974,1,59,1476,0,2,10,100),(975,1,59,1483,0,2,0,100),(976,1,59,1733,0,2,10,100),(977,1,59,4319,2590,2,0,100),(978,1,59,4519,9920,1,0,100),(979,1,59,4519,9920,2,10,100),(980,1,59,4533,9930,2,0,100),(981,1,59,4725,9930,2,10,100),(982,1,59,6238,11440,2,0,100),(983,1,59,6425,24320,1,0,100),(984,1,59,6425,24320,2,10,100),(985,1,59,6435,24330,2,0,100),(986,1,59,6745,24330,2,10,100),(987,1,59,7542,25120,2,0,100),(988,1,59,7743,31050,1,0,100),(989,1,59,7743,31050,2,10,100),(990,1,59,7755,31060,2,0,100),(991,1,59,7767,31060,2,10,100),(992,1,59,8120,31410,2,0,100),(993,1,59,8120,31410,255,10,100),(994,1,60,12,0,0,0,100),(995,1,60,626,0,2,10,100),(996,1,60,642,10,2,0,100),(997,1,60,694,10,2,10,100),(998,1,60,2704,2020,2,0,100),(999,1,60,2894,7190,1,0,100),(1000,1,60,2894,7190,2,10,100),(1001,1,60,2906,7200,2,0,100),(1002,1,60,2914,7200,2,10,100),(1003,1,60,3511,7790,2,0,100),(1004,1,60,3511,7790,2,10,100),(1005,1,60,6970,11250,255,0,100),(1006,1,61,10,0,0,0,100),(1007,1,61,655,0,2,10,100),(1008,1,61,662,0,2,0,100),(1009,1,61,702,0,2,10,100),(1010,1,61,2376,1680,2,0,100),(1011,1,61,2574,7520,1,0,100),(1012,1,61,2574,7520,2,10,100),(1013,1,61,2583,7520,255,0,100),(1014,1,62,15,0,0,0,100),(1015,1,62,651,0,2,10,100),(1016,1,62,660,0,2,0,100),(1017,1,62,712,0,2,10,100),(1018,1,62,2743,2040,255,0,100);
/*!40000 ALTER TABLE `log_contents_history_student_event` ENABLE KEYS */;
UNLOCK TABLES;

--
-- Table structure for table `log_contents_history_student_event_reason`
--

DROP TABLE IF EXISTS `log_contents_history_student_event_reason`;
/*!40101 SET @saved_cs_client     = @@character_set_client */;
/*!40101 SET character_set_client = utf8 */;
CREATE TABLE `log_contents_history_student_event_reason` (
  `reason_id` bigint(20) unsigned NOT NULL AUTO_INCREMENT,
  `event_id` bigint(20) unsigned NOT NULL,
  `event_reason_id` tinyint(3) unsigned NOT NULL,
  PRIMARY KEY (`reason_id`),
  KEY `log_contents_history_student_event_reason_ibfk1` (`event_id`),
  KEY `log_contents_history_student_event_reason_ibfk2` (`event_reason_id`)
) ENGINE=InnoDB AUTO_INCREMENT=1258 DEFAULT CHARSET=utf8;
/*!40101 SET character_set_client = @saved_cs_client */;

--
-- Dumping data for table `log_contents_history_student_event_reason`
--

LOCK TABLES `log_contents_history_student_event_reason` WRITE;
/*!40000 ALTER TABLE `log_contents_history_student_event_reason` DISABLE KEYS */;
INSERT INTO `log_contents_history_student_event_reason` VALUES (1,1,18),(2,1,19),(3,1,20),(4,2,5),(5,3,17),(6,4,5),(7,5,22),(8,6,17),(9,7,5),(10,8,17),(11,9,5),(12,10,17),(13,11,5),(14,12,17),(15,13,5),(16,14,3),(17,14,7),(18,15,18),(19,15,19),(20,15,20),(21,16,5),(22,17,17),(23,18,5),(24,19,22),(25,20,3),(26,20,7),(27,21,18),(28,21,19),(29,21,20),(30,22,5),(31,23,17),(32,24,5),(33,25,22),(34,26,3),(35,27,18),(36,27,19),(37,27,20),(38,28,5),(39,29,17),(40,30,18),(41,30,19),(42,30,20),(43,31,5),(44,32,17),(45,33,22),(46,34,7),(47,35,5),(48,35,6),(49,36,17),(50,37,5),(51,38,17),(52,39,5),(53,40,17),(54,41,5),(55,42,17),(56,43,5),(57,44,17),(58,45,5),(59,46,17),(60,47,5),(61,48,17),(62,49,5),(63,50,3),(64,50,7),(125,99,18),(126,99,19),(127,99,20),(128,100,5),(129,101,17),(130,102,5),(131,103,22),(132,104,17),(133,105,5),(134,106,17),(135,107,5),(136,108,17),(137,109,5),(138,110,17),(139,111,5),(140,112,3),(141,112,7),(142,113,18),(143,113,19),(144,113,20),(145,114,5),(146,115,17),(147,116,5),(148,117,22),(149,118,17),(150,119,5),(151,120,17),(152,121,5),(153,122,17),(154,123,5),(155,124,17),(156,125,5),(157,126,17),(158,127,5),(159,128,3),(207,174,18),(208,174,19),(209,174,20),(210,175,5),(211,176,17),(212,177,5),(213,178,22),(214,179,3),(215,180,18),(216,180,19),(217,180,20),(218,181,5),(219,182,17),(220,183,5),(221,184,22),(222,185,3),(223,186,18),(224,186,19),(225,186,20),(226,187,5),(227,188,17),(228,189,5),(229,190,22),(230,191,17),(231,192,5),(232,193,17),(233,194,5),(234,195,3),(235,195,7),(236,196,18),(237,196,19),(238,196,20),(239,197,5),(240,198,17),(241,199,5),(242,200,22),(243,201,17),(244,202,5),(245,203,17),(246,204,5),(247,205,17),(248,206,5),(249,207,4),(250,208,25),(251,209,5),(252,210,17),(253,211,5),(254,212,23),(255,213,14),(256,214,17),(257,215,5),(258,216,5),(259,217,17),(260,218,5),(261,219,4),(262,220,24),(263,221,17),(264,222,5),(265,223,5),(266,224,4),(267,225,25),(268,226,17),(269,227,5),(270,228,5),(271,229,17),(272,230,5),(273,231,17),(274,232,5),(275,233,4),(276,234,24),(277,235,17),(278,236,5),(279,237,5),(280,238,4),(281,239,25),(282,240,17),(283,241,5),(284,242,5),(285,243,17),(286,244,5),(287,245,17),(288,246,5),(289,247,3),(290,247,7),(291,248,18),(292,248,19),(293,248,20),(294,249,5),(295,250,17),(296,251,5),(297,252,22),(298,253,17),(299,254,5),(300,255,3),(301,256,18),(302,256,19),(303,256,20),(304,257,5),(305,258,17),(306,259,22),(307,260,5),(308,261,18),(309,261,19),(310,261,20),(311,262,5),(312,263,17),(313,264,5),(314,265,18),(315,265,19),(316,265,20),(317,266,5),(318,267,17),(319,268,5),(320,269,22),(321,270,18),(322,270,19),(323,270,20),(324,271,5),(325,272,17),(326,273,5),(327,274,22),(336,281,18),(337,281,19),(338,281,20),(339,282,5),(340,283,17),(341,284,5),(342,285,22),(343,286,3),(344,287,18),(345,287,19),(346,287,20),(347,288,5),(348,289,17),(349,290,5),(350,291,22),(351,292,17),(352,293,5),(353,294,1),(354,295,17),(355,296,5),(356,297,5),(357,298,3),(358,298,7),(359,299,18),(360,299,19),(361,299,20),(362,300,5),(363,301,17),(364,302,5),(365,303,17),(366,304,5),(367,305,3),(368,306,18),(369,306,19),(370,306,20),(371,307,5),(372,308,17),(373,309,5),(374,310,22),(375,311,18),(376,311,19),(377,311,20),(378,312,5),(379,313,17),(380,314,5),(381,315,4),(382,316,24),(383,317,5),(384,318,17),(385,319,5),(386,320,17),(387,321,5),(388,322,10),(389,323,17),(390,324,5),(391,325,10),(392,326,17),(393,327,5),(394,328,10),(395,329,17),(396,330,5),(397,331,3),(417,347,18),(418,347,19),(419,347,20),(420,348,5),(421,349,17),(422,350,5),(423,351,17),(424,352,5),(425,353,17),(426,354,5),(427,355,17),(428,356,5),(429,357,17),(430,358,5),(431,359,3),(437,363,18),(438,363,19),(439,363,20),(440,364,5),(441,365,17),(442,366,5),(443,367,22),(444,368,3),(445,369,18),(446,369,19),(447,369,20),(448,370,5),(449,371,17),(450,372,5),(451,373,17),(452,374,5),(453,375,17),(454,376,5),(455,377,3),(456,378,18),(457,378,19),(458,378,20),(459,379,5),(460,380,17),(461,381,5),(462,382,18),(463,382,19),(464,382,20),(465,383,5),(466,384,17),(467,385,5),(468,386,22),(469,387,18),(470,387,19),(471,387,20),(472,388,5),(473,389,17),(474,390,5),(475,391,23),(476,392,14),(477,393,17),(478,394,5),(479,395,5),(480,396,23),(481,397,14),(482,398,17),(483,399,5),(484,400,5),(485,401,23),(486,402,14),(487,403,17),(488,404,5),(489,405,5),(490,406,4),(491,407,24),(492,408,17),(493,409,5),(494,410,5),(495,411,4),(496,412,25),(497,413,5),(498,414,17),(499,415,5),(500,416,10),(501,417,17),(502,418,5),(503,419,3),(504,420,18),(505,420,19),(506,420,20),(507,421,5),(508,422,17),(509,423,5),(510,424,3),(511,424,7),(512,425,18),(513,425,19),(514,425,20),(515,426,17),(516,427,5),(517,428,5),(518,429,4),(519,429,18),(520,429,19),(521,429,20),(522,430,24),(523,431,17),(524,432,5),(525,433,5),(526,434,20),(527,435,17),(528,436,5),(529,437,5),(530,438,3),(531,439,19),(532,439,20),(533,440,17),(534,441,5),(535,442,5),(536,443,4),(537,443,18),(538,443,19),(539,443,20),(540,444,24),(541,445,17),(542,446,5),(543,447,5),(544,448,20),(545,449,17),(546,450,5),(547,451,5),(548,452,3),(549,453,18),(550,453,19),(551,453,20),(552,454,5),(553,455,17),(554,456,5),(555,457,22),(556,458,3),(557,459,21),(558,459,20),(559,460,5),(560,461,17),(561,462,5),(562,463,22),(563,464,3),(564,464,7),(565,465,18),(566,465,19),(567,465,20),(568,466,17),(569,467,5),(570,468,5),(571,469,3),(572,469,7),(573,470,18),(574,470,19),(575,470,20),(576,471,5),(577,472,17),(578,473,22),(579,474,5),(580,475,17),(581,476,5),(582,477,17),(583,478,5),(584,479,17),(585,480,5),(586,481,17),(587,482,5),(588,483,17),(589,484,5),(590,485,17),(591,486,5),(592,487,3),(593,487,7),(594,488,18),(595,488,19),(596,488,20),(597,489,5),(598,490,17),(599,491,22),(600,492,5),(601,493,17),(602,494,5),(603,495,17),(604,496,5),(605,497,3),(606,498,18),(607,498,19),(608,498,20),(609,499,5),(610,500,17),(611,501,5),(612,502,4),(613,502,18),(614,502,19),(615,502,20),(616,503,24),(617,504,22),(618,505,25),(619,506,5),(620,507,17),(621,508,5),(622,509,17),(623,510,5),(624,511,17),(625,512,5),(626,513,17),(627,514,17),(628,515,5),(629,516,17),(630,517,5),(631,518,17),(632,519,5),(633,520,17),(634,521,5),(635,522,3),(636,522,7),(637,523,18),(638,523,19),(639,523,20),(640,524,5),(641,525,17),(642,526,5),(643,527,22),(644,528,3),(645,529,18),(646,529,19),(647,529,20),(648,530,5),(649,531,17),(650,532,5),(651,533,22),(652,534,17),(653,535,5),(654,536,17),(655,537,5),(656,538,17),(657,539,5),(658,540,3),(659,541,18),(660,541,19),(661,541,20),(662,542,17),(663,543,5),(664,544,22),(665,545,5),(666,546,17),(667,547,5),(668,548,3),(669,548,7),(670,549,18),(671,549,19),(672,549,20),(673,550,5),(674,551,17),(675,552,5),(676,553,22),(677,554,22),(678,555,18),(679,555,19),(680,555,20),(681,556,17),(682,557,5),(683,558,5),(684,559,4),(685,560,24),(686,561,5),(687,562,17),(688,563,5),(689,564,18),(690,564,19),(691,564,20),(692,565,7),(693,566,18),(694,566,19),(695,566,20),(696,567,5),(697,568,17),(698,569,5),(699,570,22),(700,571,22),(701,572,18),(702,572,19),(703,572,20),(704,573,17),(705,574,5),(706,575,5),(707,576,4),(708,577,24),(709,578,5),(710,579,17),(711,580,5),(712,581,18),(713,581,19),(714,581,20),(715,582,7),(716,583,18),(717,583,19),(718,583,20),(719,584,5),(720,585,17),(721,586,5),(722,587,22),(723,588,22),(724,589,18),(725,589,19),(726,589,20),(727,590,17),(728,591,5),(729,592,5),(730,593,4),(731,594,24),(732,595,5),(733,596,17),(734,597,5),(735,598,18),(736,598,19),(737,598,20),(738,599,7),(739,600,18),(740,600,19),(741,600,20),(742,601,5),(743,602,17),(744,603,5),(745,604,19),(746,604,20),(747,605,5),(748,606,17),(749,607,5),(750,608,17),(751,609,5),(752,610,19),(753,610,20),(754,611,5),(755,612,17),(756,613,5),(757,614,19),(758,614,20),(759,615,5),(760,616,17),(761,617,5),(762,618,17),(763,619,5),(764,620,3),(765,621,18),(766,621,19),(767,621,20),(768,622,5),(769,623,17),(770,624,5),(771,625,18),(772,625,19),(773,625,20),(774,626,5),(775,627,17),(776,628,5),(777,629,18),(778,629,19),(779,629,20),(780,630,5),(781,631,17),(782,632,5),(783,633,18),(784,633,19),(785,633,20),(786,634,5),(787,635,17),(788,636,5),(789,637,18),(790,637,19),(791,637,20),(792,638,5),(793,639,17),(794,640,5),(795,641,19),(796,641,20),(797,642,5),(798,643,17),(799,644,5),(800,645,3),(801,645,7),(802,646,18),(803,646,19),(804,646,20),(805,647,5),(806,648,17),(807,649,5),(808,650,18),(809,650,19),(810,650,20),(811,651,5),(812,652,17),(813,653,5),(814,654,18),(815,654,19),(816,654,20),(817,655,5),(818,656,17),(819,657,5),(820,658,18),(821,658,19),(822,658,20),(823,659,5),(824,660,17),(825,661,5),(826,662,18),(827,662,19),(828,662,20),(829,663,5),(830,664,17),(831,665,5),(832,666,19),(833,666,20),(834,667,5),(835,668,17),(836,669,5),(837,670,3),(838,670,7),(839,671,18),(840,671,19),(841,671,20),(842,672,5),(843,673,17),(844,674,5),(845,675,18),(846,675,19),(847,675,20),(848,676,5),(849,677,17),(850,678,5),(851,679,18),(852,679,19),(853,679,20),(854,680,5),(855,681,17),(856,682,5),(857,683,18),(858,683,19),(859,683,20),(860,684,5),(861,685,17),(862,686,5),(863,687,18),(864,687,19),(865,687,20),(866,688,5),(867,689,17),(868,690,5),(869,691,19),(870,691,20),(871,692,5),(872,693,17),(873,694,5),(874,695,3),(875,695,7),(876,696,18),(877,696,19),(878,696,20),(879,697,5),(880,698,17),(881,699,5),(882,700,18),(883,700,19),(884,700,20),(885,701,5),(886,702,17),(887,703,5),(888,704,18),(889,704,19),(890,704,20),(891,705,5),(892,706,17),(893,707,5),(894,708,18),(895,708,19),(896,708,20),(897,709,5),(898,710,17),(899,711,5),(900,712,18),(901,712,19),(902,712,20),(903,713,5),(904,714,17),(905,715,5),(906,716,19),(907,716,20),(908,717,5),(909,718,17),(910,719,5),(911,720,3),(912,720,7),(913,721,18),(914,721,19),(915,721,20),(916,722,5),(917,723,17),(918,724,5),(919,725,18),(920,725,19),(921,725,20),(922,726,5),(923,727,17),(924,728,5),(925,729,18),(926,729,19),(927,729,20),(928,730,5),(929,731,17),(930,732,5),(931,733,18),(932,733,19),(933,733,20),(934,734,5),(935,735,17),(936,736,5),(937,737,18),(938,737,19),(939,737,20),(940,738,5),(941,739,17),(942,740,5),(943,741,19),(944,741,20),(945,742,5),(946,743,17),(947,744,5),(948,745,3),(949,745,7),(950,746,18),(951,746,19),(952,746,20),(953,747,5),(954,748,17),(955,749,5),(956,750,18),(957,750,19),(958,750,20),(959,751,5),(960,752,17),(961,753,5),(962,754,18),(963,754,19),(964,754,20),(965,755,5),(966,756,17),(967,757,5),(968,758,18),(969,758,19),(970,758,20),(971,759,5),(972,760,17),(973,761,5),(974,762,18),(975,762,19),(976,762,20),(977,763,5),(978,764,17),(979,765,5),(980,766,19),(981,766,20),(982,767,5),(983,768,17),(984,769,5),(985,770,3),(986,770,7),(987,771,18),(988,771,19),(989,771,20),(990,772,5),(991,773,17),(992,774,5),(993,775,4),(994,776,24),(995,777,5),(996,778,17),(997,779,5),(998,780,4),(999,781,24),(1000,782,5),(1001,783,17),(1002,784,5),(1003,785,4),(1004,786,24),(1005,787,5),(1006,788,17),(1007,789,5),(1008,790,4),(1009,791,25),(1010,792,5),(1011,793,17),(1012,794,5),(1013,795,4),(1014,796,24),(1015,797,5),(1016,798,17),(1017,799,5),(1018,800,4),(1019,801,24),(1020,802,5),(1021,803,17),(1022,804,5),(1023,805,4),(1024,806,24),(1025,807,5),(1026,808,17),(1027,809,5),(1028,810,4),(1029,811,24),(1030,812,5),(1031,813,17),(1032,814,5),(1033,815,3),(1034,816,18),(1035,816,19),(1036,816,20),(1037,817,5),(1038,818,17),(1039,819,5),(1040,820,17),(1041,821,5),(1042,822,3),(1043,822,7),(1044,823,5),(1045,823,6),(1046,824,17),(1047,825,5),(1048,826,17),(1049,827,5),(1050,828,17),(1051,829,5),(1052,830,17),(1053,831,5),(1054,832,17),(1055,833,5),(1056,834,17),(1057,835,5),(1058,836,4),(1059,837,24),(1060,838,5),(1061,839,17),(1062,840,5),(1063,841,4),(1064,842,25),(1065,843,5),(1066,844,17),(1067,845,5),(1068,846,4),(1069,847,24),(1070,848,5),(1071,849,17),(1072,850,5),(1073,851,4),(1074,852,24),(1075,853,5),(1076,854,17),(1077,855,5),(1078,856,3),(1079,857,18),(1080,857,19),(1081,857,20),(1082,858,5),(1083,859,17),(1084,860,5),(1085,861,17),(1086,862,5),(1087,863,17),(1088,864,5),(1089,865,4),(1090,866,24),(1091,867,5),(1092,868,17),(1093,869,5),(1094,870,4),(1095,871,24),(1096,872,5),(1097,873,17),(1098,874,5),(1099,875,4),(1100,876,24),(1101,877,5),(1102,878,17),(1103,879,5),(1104,880,4),(1105,881,24),(1106,882,5),(1107,883,17),(1108,884,5),(1109,885,3),(1110,886,18),(1111,886,19),(1112,886,20),(1113,887,5),(1114,888,17),(1115,889,5),(1116,890,4),(1117,891,24),(1118,892,5),(1119,893,17),(1120,894,5),(1121,895,4),(1122,896,24),(1123,897,5),(1124,898,17),(1125,899,5),(1126,900,4),(1127,901,25),(1128,902,5),(1129,903,17),(1130,904,5),(1131,905,17),(1132,906,5),(1133,907,4),(1134,908,24),(1135,909,5),(1136,910,17),(1137,911,5),(1138,912,4),(1139,913,24),(1140,914,5),(1141,915,17),(1142,916,5),(1143,917,3),(1144,918,18),(1145,918,19),(1146,918,20),(1147,919,5),(1148,920,17),(1149,921,5),(1150,922,17),(1151,923,5),(1152,924,3),(1153,924,7),(1154,925,5),(1155,925,6),(1156,926,17),(1157,927,5),(1158,928,4),(1159,929,24),(1160,930,5),(1161,931,17),(1162,932,5),(1163,933,3),(1164,933,7),(1165,934,5),(1166,934,6),(1167,935,17),(1168,936,5),(1169,937,23),(1170,938,14),(1171,939,5),(1172,940,17),(1173,941,5),(1174,942,23),(1175,943,14),(1176,944,17),(1177,945,5),(1178,946,5),(1179,947,17),(1180,948,5),(1181,949,17),(1182,950,5),(1183,951,23),(1184,952,14),(1185,953,5),(1186,954,17),(1187,955,5),(1188,956,17),(1189,957,5),(1190,958,23),(1191,959,14),(1192,960,5),(1193,961,17),(1194,962,5),(1195,963,17),(1196,964,5),(1197,965,4),(1198,966,24),(1199,967,5),(1200,968,17),(1201,969,5),(1202,970,17),(1203,971,5),(1204,972,3),(1205,973,18),(1206,973,19),(1207,973,20),(1208,974,5),(1209,975,17),(1210,976,5),(1211,977,4),(1212,978,24),(1213,979,5),(1214,980,17),(1215,981,5),(1216,982,4),(1217,983,24),(1218,984,5),(1219,985,17),(1220,986,5),(1221,987,4),(1222,988,24),(1223,989,5),(1224,990,17),(1225,991,5),(1226,992,17),(1227,993,5),(1228,994,19),(1229,994,20),(1230,995,5),(1231,996,17),(1232,997,5),(1233,998,4),(1234,999,24),(1235,1000,5),(1236,1001,17),(1237,1002,5),(1238,1003,17),(1239,1004,5),(1240,1005,3),(1241,1006,18),(1242,1006,19),(1243,1006,20),(1244,1007,5),(1245,1008,17),(1246,1009,5),(1247,1010,4),(1248,1011,24),(1249,1012,5),(1250,1013,17),(1251,1014,18),(1252,1014,19),(1253,1014,20),(1254,1015,5),(1255,1016,17),(1256,1017,5),(1257,1018,4);
/*!40000 ALTER TABLE `log_contents_history_student_event_reason` ENABLE KEYS */;
UNLOCK TABLES;

--
-- Table structure for table `log_organizer_login`
--

DROP TABLE IF EXISTS `log_organizer_login`;
/*!40101 SET @saved_cs_client     = @@character_set_client */;
/*!40101 SET character_set_client = utf8 */;
CREATE TABLE `log_organizer_login` (
  `log_id` bigint(20) unsigned NOT NULL,
  `organizer_id` int(10) unsigned NOT NULL,
  `datetime` datetime NOT NULL,
  `ip_address` varchar(15) COLLATE utf8_bin NOT NULL,
  `user_agent` varchar(255) COLLATE utf8_bin NOT NULL,
  PRIMARY KEY (`log_id`),
  KEY `organizer_id` (`organizer_id`),
  CONSTRAINT `log_organizer_login_ibfk_1` FOREIGN KEY (`organizer_id`) REFERENCES `tbl_organizer` (`organizer_id`)
) ENGINE=InnoDB DEFAULT CHARSET=utf8 COLLATE=utf8_bin;
/*!40101 SET character_set_client = @saved_cs_client */;

--
-- Dumping data for table `log_organizer_login`
--

LOCK TABLES `log_organizer_login` WRITE;
/*!40000 ALTER TABLE `log_organizer_login` DISABLE KEYS */;
/*!40000 ALTER TABLE `log_organizer_login` ENABLE KEYS */;
UNLOCK TABLES;

--
-- Table structure for table `log_student_login`
--

DROP TABLE IF EXISTS `log_student_login`;
/*!40101 SET @saved_cs_client     = @@character_set_client */;
/*!40101 SET character_set_client = utf8 */;
CREATE TABLE `log_student_login` (
  `log_id` bigint(20) unsigned NOT NULL,
  `student_id` int(10) unsigned NOT NULL,
  `datetime` datetime NOT NULL,
  `ip_address` varchar(15) COLLATE utf8_bin NOT NULL,
  `user_agent` varchar(255) COLLATE utf8_bin NOT NULL,
  PRIMARY KEY (`log_id`),
  KEY `student_id` (`student_id`),
  CONSTRAINT `log_student_login_ibfk_1` FOREIGN KEY (`student_id`) REFERENCES `tbl_student` (`student_id`)
) ENGINE=InnoDB DEFAULT CHARSET=utf8 COLLATE=utf8_bin;
/*!40101 SET character_set_client = @saved_cs_client */;

--
-- Dumping data for table `log_student_login`
--

LOCK TABLES `log_student_login` WRITE;
/*!40000 ALTER TABLE `log_student_login` DISABLE KEYS */;
/*!40000 ALTER TABLE `log_student_login` ENABLE KEYS */;
UNLOCK TABLES;

--
-- Table structure for table `log_teacher_login`
--

DROP TABLE IF EXISTS `log_teacher_login`;
/*!40101 SET @saved_cs_client     = @@character_set_client */;
/*!40101 SET character_set_client = utf8 */;
CREATE TABLE `log_teacher_login` (
  `log_id` bigint(20) unsigned NOT NULL,
  `teacher_id` int(10) unsigned NOT NULL,
  `datetime` datetime NOT NULL,
  `ip_address` varchar(15) COLLATE utf8_bin NOT NULL,
  `user_agent` varchar(255) COLLATE utf8_bin NOT NULL,
  PRIMARY KEY (`log_id`),
  KEY `teacher_id` (`teacher_id`),
  CONSTRAINT `log_teacher_login_ibfk_1` FOREIGN KEY (`teacher_id`) REFERENCES `tbl_teacher` (`teacher_id`)
) ENGINE=InnoDB DEFAULT CHARSET=utf8 COLLATE=utf8_bin;
/*!40101 SET character_set_client = @saved_cs_client */;

--
-- Dumping data for table `log_teacher_login`
--

LOCK TABLES `log_teacher_login` WRITE;
/*!40000 ALTER TABLE `log_teacher_login` DISABLE KEYS */;
/*!40000 ALTER TABLE `log_teacher_login` ENABLE KEYS */;
UNLOCK TABLES;

--
-- Table structure for table `mst_boolean`
--

DROP TABLE IF EXISTS `mst_boolean`;
/*!40101 SET @saved_cs_client     = @@character_set_client */;
/*!40101 SET character_set_client = utf8 */;
CREATE TABLE `mst_boolean` (
  `boolean_id` tinyint(4) unsigned NOT NULL,
  `boolean` varchar(5) COLLATE utf8_bin NOT NULL,
  PRIMARY KEY (`boolean_id`)
) ENGINE=InnoDB DEFAULT CHARSET=utf8 COLLATE=utf8_bin;
/*!40101 SET character_set_client = @saved_cs_client */;

--
-- Dumping data for table `mst_boolean`
--

LOCK TABLES `mst_boolean` WRITE;
/*!40000 ALTER TABLE `mst_boolean` DISABLE KEYS */;
INSERT INTO `mst_boolean` VALUES (0,'false'),(1,'true'),(2,'purge');
/*!40000 ALTER TABLE `mst_boolean` ENABLE KEYS */;
UNLOCK TABLES;

--
-- Table structure for table `mst_contents_category`
--

DROP TABLE IF EXISTS `mst_contents_category`;
/*!40101 SET @saved_cs_client     = @@character_set_client */;
/*!40101 SET character_set_client = utf8 */;
CREATE TABLE `mst_contents_category` (
  `contents_category_id` tinyint(3) unsigned NOT NULL,
  `contents_category_name` varchar(15) CHARACTER SET utf8 NOT NULL,
  `display_name` varchar(20) COLLATE utf8_bin DEFAULT NULL,
  PRIMARY KEY (`contents_category_id`)
) ENGINE=InnoDB DEFAULT CHARSET=utf8 COLLATE=utf8_bin;
/*!40101 SET character_set_client = @saved_cs_client */;

--
-- Dumping data for table `mst_contents_category`
--

LOCK TABLES `mst_contents_category` WRITE;
/*!40000 ALTER TABLE `mst_contents_category` DISABLE KEYS */;
INSERT INTO `mst_contents_category` VALUES (0,'common',''),(1,'school','');
/*!40000 ALTER TABLE `mst_contents_category` ENABLE KEYS */;
UNLOCK TABLES;

--
-- Table structure for table `mst_contents_edit_action`
--

DROP TABLE IF EXISTS `mst_contents_edit_action`;
/*!40101 SET @saved_cs_client     = @@character_set_client */;
/*!40101 SET character_set_client = utf8 */;
CREATE TABLE `mst_contents_edit_action` (
  `contents_edit_action_id` tinyint(3) unsigned NOT NULL,
  `action` varchar(255) COLLATE utf8_bin NOT NULL,
  PRIMARY KEY (`contents_edit_action_id`)
) ENGINE=InnoDB DEFAULT CHARSET=utf8 COLLATE=utf8_bin;
/*!40101 SET character_set_client = @saved_cs_client */;

--
-- Dumping data for table `mst_contents_edit_action`
--

LOCK TABLES `mst_contents_edit_action` WRITE;
/*!40000 ALTER TABLE `mst_contents_edit_action` DISABLE KEYS */;
INSERT INTO `mst_contents_edit_action` VALUES (1,'registration'),(2,'change'),(3,'delete');
/*!40000 ALTER TABLE `mst_contents_edit_action` ENABLE KEYS */;
UNLOCK TABLES;

--
-- Table structure for table `mst_contents_extension`
--

DROP TABLE IF EXISTS `mst_contents_extension`;
/*!40101 SET @saved_cs_client     = @@character_set_client */;
/*!40101 SET character_set_client = utf8 */;
CREATE TABLE `mst_contents_extension` (
  `contents_extension_id` tinyint(3) unsigned NOT NULL,
  `extension` varchar(255) COLLATE utf8_bin NOT NULL,
  PRIMARY KEY (`contents_extension_id`),
  UNIQUE KEY `extension` (`extension`)
) ENGINE=InnoDB DEFAULT CHARSET=utf8 COLLATE=utf8_bin;
/*!40101 SET character_set_client = @saved_cs_client */;

--
-- Dumping data for table `mst_contents_extension`
--

LOCK TABLES `mst_contents_extension` WRITE;
/*!40000 ALTER TABLE `mst_contents_extension` DISABLE KEYS */;
INSERT INTO `mst_contents_extension` VALUES (8,'MP4'),(1,'TBO'),(3,'TBO-L'),(4,'TBO-LN'),(5,'TBO-M'),(6,'TBO-MN'),(2,'TBON'),(7,'mp4');
/*!40000 ALTER TABLE `mst_contents_extension` ENABLE KEYS */;
UNLOCK TABLES;

--
-- Table structure for table `mst_event_action`
--

DROP TABLE IF EXISTS `mst_event_action`;
/*!40101 SET @saved_cs_client     = @@character_set_client */;
/*!40101 SET character_set_client = utf8 */;
CREATE TABLE `mst_event_action` (
  `event_action_id` tinyint(3) unsigned NOT NULL,
  `event` varchar(255) COLLATE utf8_bin NOT NULL,
  PRIMARY KEY (`event_action_id`)
) ENGINE=InnoDB DEFAULT CHARSET=utf8 COLLATE=utf8_bin;
/*!40101 SET character_set_client = @saved_cs_client */;

--
-- Dumping data for table `mst_event_action`
--

LOCK TABLES `mst_event_action` WRITE;
/*!40000 ALTER TABLE `mst_event_action` DISABLE KEYS */;
INSERT INTO `mst_event_action` VALUES (0,'non'),(1,'position'),(2,'speed'),(3,'volume'),(4,'last'),(5,'abort'),(255,'end');
/*!40000 ALTER TABLE `mst_event_action` ENABLE KEYS */;
UNLOCK TABLES;

--
-- Table structure for table `mst_event_reason`
--

DROP TABLE IF EXISTS `mst_event_reason`;
/*!40101 SET @saved_cs_client     = @@character_set_client */;
/*!40101 SET character_set_client = utf8 */;
CREATE TABLE `mst_event_reason` (
  `event_reason_id` tinyint(3) unsigned NOT NULL,
  `reason` varchar(50) DEFAULT NULL,
  PRIMARY KEY (`event_reason_id`)
) ENGINE=InnoDB DEFAULT CHARSET=latin1;
/*!40101 SET character_set_client = @saved_cs_client */;

--
-- Dumping data for table `mst_event_reason`
--

LOCK TABLES `mst_event_reason` WRITE;
/*!40000 ALTER TABLE `mst_event_reason` DISABLE KEYS */;
INSERT INTO `mst_event_reason` VALUES (1,'INVISIBLE'),(2,'WAIT_TOUCH_MEDIA'),(3,'PAUSE'),(4,'SEARCH'),(5,'ALL_CLEAR'),(6,'PLAY_BUTTON'),(7,'PAUSE_BUTTON'),(8,'TOP_BUTTON'),(9,'PREVIOUS_BUTTON'),(10,'NEXT_BUTTON'),(11,'SEEK_BAR'),(12,'AUTO_REPEAT'),(13,'CHAPTER'),(14,'SPEED_BAR'),(15,'WAIT_TOUCH_FULL_SCREEN'),(16,'BLOCK_HOLD'),(17,'WAIT_MEDIA'),(18,'LOAD_IMAGE'),(19,'LOAD_PEN'),(20,'LOAD_AUDIO'),(21,'LOAD_VIDEO'),(22,'VOLUME_BAR'),(23,'SWITCHING_SPEED'),(24,'BEFORE_SEEK'),(25,'BACK_SEEK');
/*!40000 ALTER TABLE `mst_event_reason` ENABLE KEYS */;
UNLOCK TABLES;

--
-- Table structure for table `mst_query_type`
--

DROP TABLE IF EXISTS `mst_query_type`;
/*!40101 SET @saved_cs_client     = @@character_set_client */;
/*!40101 SET character_set_client = utf8 */;
CREATE TABLE `mst_query_type` (
  `query_type_id` tinyint(4) unsigned NOT NULL,
  `type` varchar(25) COLLATE utf8_bin NOT NULL,
  `type_jp` varchar(50) COLLATE utf8_bin NOT NULL,
  PRIMARY KEY (`query_type_id`)
) ENGINE=InnoDB DEFAULT CHARSET=utf8 COLLATE=utf8_bin;
/*!40101 SET character_set_client = @saved_cs_client */;

--
-- Dumping data for table `mst_query_type`
--

LOCK TABLES `mst_query_type` WRITE;
/*!40000 ALTER TABLE `mst_query_type` DISABLE KEYS */;
INSERT INTO `mst_query_type` VALUES (0,'single_choice','single_choice'),(1,'multiple_choice','multiple_choice'),(2,'word','word'),(3,'length','length');
/*!40000 ALTER TABLE `mst_query_type` ENABLE KEYS */;
UNLOCK TABLES;

--
-- Table structure for table `mst_speed`
--

DROP TABLE IF EXISTS `mst_speed`;
/*!40101 SET @saved_cs_client     = @@character_set_client */;
/*!40101 SET character_set_client = utf8 */;
CREATE TABLE `mst_speed` (
  `speed_id` tinyint(3) unsigned NOT NULL,
  `speed` varchar(255) COLLATE utf8_bin NOT NULL,
  PRIMARY KEY (`speed_id`)
) ENGINE=InnoDB DEFAULT CHARSET=utf8 COLLATE=utf8_bin;
/*!40101 SET character_set_client = @saved_cs_client */;

--
-- Dumping data for table `mst_speed`
--

LOCK TABLES `mst_speed` WRITE;
/*!40000 ALTER TABLE `mst_speed` DISABLE KEYS */;
INSERT INTO `mst_speed` VALUES (0,'x0'),(1,'x1'),(2,'x2'),(4,'x4'),(10,'x1'),(11,'x1.1'),(12,'x1.2'),(13,'x1.3'),(14,'x1.4'),(15,'x1.5'),(16,'x1.6'),(17,'x1.7'),(18,'x1.8'),(19,'x1.9'),(20,'x2'),(21,'x2.1'),(22,'x2.2'),(23,'x2.3'),(24,'x2.4'),(25,'x2.5'),(26,'x2.6'),(27,'x2.7'),(28,'x2.8'),(29,'x2.9'),(30,'x3'),(31,'x3.1'),(32,'x3.2'),(33,'x3.3'),(34,'x3.4'),(35,'x3.5'),(36,'x3.6'),(37,'x3.7'),(38,'x3.8'),(39,'x3.9'),(40,'x4');
/*!40000 ALTER TABLE `mst_speed` ENABLE KEYS */;
UNLOCK TABLES;

--
-- Table structure for table `mst_user_level`
--

DROP TABLE IF EXISTS `mst_user_level`;
/*!40101 SET @saved_cs_client     = @@character_set_client */;
/*!40101 SET character_set_client = utf8 */;
CREATE TABLE `mst_user_level` (
  `user_level_id` tinyint(4) unsigned NOT NULL,
  `user_level_name` varchar(50) COLLATE utf8_bin NOT NULL,
  PRIMARY KEY (`user_level_id`)
) ENGINE=InnoDB DEFAULT CHARSET=utf8 COLLATE=utf8_bin;
/*!40101 SET character_set_client = @saved_cs_client */;

--
-- Dumping data for table `mst_user_level`
--

LOCK TABLES `mst_user_level` WRITE;
/*!40000 ALTER TABLE `mst_user_level` DISABLE KEYS */;
INSERT INTO `mst_user_level` VALUES (0,'admin'),(1,'teacher'),(2,'student');
/*!40000 ALTER TABLE `mst_user_level` ENABLE KEYS */;
UNLOCK TABLES;

--
-- Table structure for table `mst_volume`
--

DROP TABLE IF EXISTS `mst_volume`;
/*!40101 SET @saved_cs_client     = @@character_set_client */;
/*!40101 SET character_set_client = utf8 */;
CREATE TABLE `mst_volume` (
  `volume_id` tinyint(3) unsigned NOT NULL,
  `volume` varchar(255) COLLATE utf8_bin NOT NULL,
  PRIMARY KEY (`volume_id`)
) ENGINE=InnoDB DEFAULT CHARSET=utf8 COLLATE=utf8_bin;
/*!40101 SET character_set_client = @saved_cs_client */;

--
-- Dumping data for table `mst_volume`
--

LOCK TABLES `mst_volume` WRITE;
/*!40000 ALTER TABLE `mst_volume` DISABLE KEYS */;
INSERT INTO `mst_volume` VALUES (0,'0%'),(1,'1%'),(2,'2%'),(3,'3%'),(4,'4%'),(5,'5%'),(6,'6%'),(7,'7%'),(8,'8%'),(9,'9%'),(10,'10%'),(11,'11%'),(12,'12%'),(13,'13%'),(14,'14%'),(15,'15%'),(16,'16%'),(17,'17%'),(18,'18%'),(19,'19%'),(20,'20%'),(21,'21%'),(22,'22%'),(23,'23%'),(24,'24%'),(25,'25%'),(26,'26%'),(27,'27%'),(28,'28%'),(29,'29%'),(30,'30%'),(31,'31%'),(32,'32%'),(33,'33%'),(34,'34%'),(35,'35%'),(36,'36%'),(37,'37%'),(38,'38%'),(39,'39%'),(40,'40%'),(41,'41%'),(42,'42%'),(43,'43%'),(44,'44%'),(45,'45%'),(46,'46%'),(47,'47%'),(48,'48%'),(49,'49%'),(50,'50%'),(51,'51%'),(52,'52%'),(53,'53%'),(54,'54%'),(55,'55%'),(56,'56%'),(57,'57%'),(58,'58%'),(59,'59%'),(60,'60%'),(61,'61%'),(62,'62%'),(63,'63%'),(64,'64%'),(65,'65%'),(66,'66%'),(67,'67%'),(68,'68%'),(69,'69%'),(70,'70%'),(71,'71%'),(72,'72%'),(73,'73%'),(74,'74%'),(75,'75%'),(76,'76%'),(77,'77%'),(78,'78%'),(79,'79%'),(80,'80%'),(81,'81%'),(82,'82%'),(83,'83%'),(84,'84%'),(85,'85%'),(86,'86%'),(87,'87%'),(88,'88%'),(89,'89%'),(90,'90%'),(91,'91%'),(92,'92%'),(93,'93%'),(94,'94%'),(95,'95%'),(96,'96%'),(97,'97%'),(98,'98%'),(99,'99%'),(100,'100%');
/*!40000 ALTER TABLE `mst_volume` ENABLE KEYS */;
UNLOCK TABLES;

--
-- Table structure for table `tbl_access_lecture`
--

DROP TABLE IF EXISTS `tbl_access_lecture`;
/*!40101 SET @saved_cs_client     = @@character_set_client */;
/*!40101 SET character_set_client = utf8 */;
CREATE TABLE `tbl_access_lecture` (
  `lecture_type_id` tinyint(3) unsigned NOT NULL,
  `lecture_id` int(10) unsigned NOT NULL,
  `access_id` varchar(1000) NOT NULL
) ENGINE=InnoDB DEFAULT CHARSET=utf8;
/*!40101 SET character_set_client = @saved_cs_client */;

--
-- Dumping data for table `tbl_access_lecture`
--

LOCK TABLES `tbl_access_lecture` WRITE;
/*!40000 ALTER TABLE `tbl_access_lecture` DISABLE KEYS */;
/*!40000 ALTER TABLE `tbl_access_lecture` ENABLE KEYS */;
UNLOCK TABLES;

--
-- Table structure for table `tbl_access_user`
--

DROP TABLE IF EXISTS `tbl_access_user`;
/*!40101 SET @saved_cs_client     = @@character_set_client */;
/*!40101 SET character_set_client = utf8 */;
CREATE TABLE `tbl_access_user` (
  `user_level_id` tinyint(3) unsigned NOT NULL,
  `user_id` int(10) unsigned NOT NULL,
  `access_id` varchar(1000) NOT NULL
) ENGINE=InnoDB DEFAULT CHARSET=utf8;
/*!40101 SET character_set_client = @saved_cs_client */;

--
-- Dumping data for table `tbl_access_user`
--

LOCK TABLES `tbl_access_user` WRITE;
/*!40000 ALTER TABLE `tbl_access_user` DISABLE KEYS */;
/*!40000 ALTER TABLE `tbl_access_user` ENABLE KEYS */;
UNLOCK TABLES;

--
-- Table structure for table `tbl_admin`
--

DROP TABLE IF EXISTS `tbl_admin`;
/*!40101 SET @saved_cs_client     = @@character_set_client */;
/*!40101 SET character_set_client = utf8 */;
CREATE TABLE `tbl_admin` (
  `admin_id` int(10) unsigned NOT NULL AUTO_INCREMENT,
  `school_id` int(10) unsigned NOT NULL,
  `admin_name` varchar(255) COLLATE utf8_bin NOT NULL,
  `id` varchar(255) COLLATE utf8_bin DEFAULT NULL,
  `password` varchar(255) COLLATE utf8_bin NOT NULL,
  `access_code` varchar(255) COLLATE utf8_bin DEFAULT NULL,
  `access_datetime` datetime DEFAULT NULL,
  `enable` tinyint(3) unsigned NOT NULL,
  `display_order` int(10) unsigned DEFAULT NULL,
  `manage` tinyint(3) unsigned NOT NULL,
  `permission` varchar(1000) COLLATE utf8_bin NOT NULL,
  `bit_subject` varchar(1000) COLLATE utf8_bin NOT NULL,
  PRIMARY KEY (`admin_id`),
  UNIQUE KEY `id` (`id`),
  KEY `school_id` (`school_id`),
  KEY `enable` (`enable`)
) ENGINE=InnoDB AUTO_INCREMENT=15 DEFAULT CHARSET=utf8 COLLATE=utf8_bin;
/*!40101 SET character_set_client = @saved_cs_client */;

--
-- Dumping data for table `tbl_admin`
--

LOCK TABLES `tbl_admin` WRITE;
/*!40000 ALTER TABLE `tbl_admin` DISABLE KEYS */;
INSERT INTO `tbl_admin` VALUES (2,1,'kjsadmin1','J1e2+b8xHnw+z683N/+9oUb8ZhZQ5NsUSER69tvfrPc=','h+zr7FqBfbygm3l4rrdRzA==',NULL,NULL,1,1,1,'FFFF','0'),(3,1,'admin01','oEm3Cwzkw/dxIkdcAY5Xlkb8ZhZQ5NsUSER69tvfrPc=','6uljg2Kn50WndE8NidQGzA==',NULL,NULL,1,2,1,'0','0'),(4,1,'admin02','nfdbR6AsuDfiNNlC2egfr0b8ZhZQ5NsUSER69tvfrPc=','8plqYlGPxv4obdtodkeyBw==',NULL,NULL,1,3,0,'7020','0-0-0-0-0-8'),(5,1,'DNC-Admin01','9kwfi/ddUX3WaY7oL4S91g==','3IwBdm9kzojMoQbSujm4/w==',NULL,NULL,1,7,0,'70ff','0-0-0-0-0-7e30000'),(6,1,'DNC-Admin02','KKw68/9WixKvEMGM3odeKA==','UzBUNrdRm2+3Em0RV11BVg==',NULL,NULL,1,8,0,'70ff','0-0-0-0-0-7e30000'),(7,1,'OOTA','iru41HHXkvyfu1KCOoCmow==','8MCyZ44M1SkC2Ugkz7+JVw==',NULL,NULL,1,4,1,'70ff','0'),(8,1,'DNC-Admin03','Sbla8deHDBUk0LydWfFlHQ==','l2j7H5l5jhg1oRKEFtai0g==',NULL,NULL,1,9,0,'70ff','0-0-0-0-0-7e30000'),(9,1,'DNC-Admin04','tx556zEzlXtdlN+BKHluMg==','9g4BIKBpXxFHqF+mxrBJ9A==',NULL,NULL,1,10,0,'70ff','0-0-0-0-0-7e30000'),(10,1,'DNC-Admin05','KVupNB2MyobKqUrkDi5Cxw==','mevMsMRA548qCr/u3BtSTQ==',NULL,NULL,1,11,0,'70ff','0-0-0-0-0-7e30000'),(11,1,'DNC-Admin','tG+jJ2Ni7N71jRipUHOMh7kZ1Jp6bbC+Ndl5H7Ixkm0=','2JNnpcTNd/r+vQqfxJao0g==',NULL,NULL,1,5,1,'70ff','0'),(12,1,'DNC-Admin','tG+jJ2Ni7N71jRipUHOMh7PWalyAplOccLgKmwZRPZw=','f62/jGKhIRUW0KcPeRSBkA==',NULL,NULL,1,6,1,'70ff','0'),(13,1,'admin03','vrvMt0lk2UbM7xwhfSgjJ0b8ZhZQ5NsUSER69tvfrPc=','DXz23d7jPnGnfISo4PPitw==',NULL,NULL,1,12,0,'70ff','0-0-0-0-0-8'),(14,1,'','AJIMWIKpKUO3v1gQHVkjjUb8ZhZQ5NsUSER69tvfrPc=','M6OhFvmjR27MCLWq3GwIfA==',NULL,NULL,1,13,1,'FFFF','0');
/*!40000 ALTER TABLE `tbl_admin` ENABLE KEYS */;
UNLOCK TABLES;

--
-- Table structure for table `tbl_classroom`
--

DROP TABLE IF EXISTS `tbl_classroom`;
/*!40101 SET @saved_cs_client     = @@character_set_client */;
/*!40101 SET character_set_client = utf8 */;
CREATE TABLE `tbl_classroom` (
  `classroom_id` int(10) unsigned NOT NULL AUTO_INCREMENT,
  `school_id` int(10) unsigned NOT NULL,
  `classroom_name` varchar(255) COLLATE utf8_bin NOT NULL,
  `enable` tinyint(3) unsigned NOT NULL DEFAULT '1',
  `display_order` int(10) unsigned DEFAULT NULL,
  PRIMARY KEY (`classroom_id`)
) ENGINE=InnoDB DEFAULT CHARSET=utf8 COLLATE=utf8_bin;
/*!40101 SET character_set_client = @saved_cs_client */;

--
-- Dumping data for table `tbl_classroom`
--

LOCK TABLES `tbl_classroom` WRITE;
/*!40000 ALTER TABLE `tbl_classroom` DISABLE KEYS */;
/*!40000 ALTER TABLE `tbl_classroom` ENABLE KEYS */;
UNLOCK TABLES;

--
-- Table structure for table `tbl_classroom_subject_section`
--

DROP TABLE IF EXISTS `tbl_classroom_subject_section`;
/*!40101 SET @saved_cs_client     = @@character_set_client */;
/*!40101 SET character_set_client = utf8 */;
CREATE TABLE `tbl_classroom_subject_section` (
  `classroom_id` int(10) unsigned NOT NULL,
  `subject_section_id` int(10) unsigned NOT NULL
) ENGINE=InnoDB DEFAULT CHARSET=latin1;
/*!40101 SET character_set_client = @saved_cs_client */;

--
-- Dumping data for table `tbl_classroom_subject_section`
--

LOCK TABLES `tbl_classroom_subject_section` WRITE;
/*!40000 ALTER TABLE `tbl_classroom_subject_section` DISABLE KEYS */;
/*!40000 ALTER TABLE `tbl_classroom_subject_section` ENABLE KEYS */;
UNLOCK TABLES;

--
-- Table structure for table `tbl_common_access_restriction_bk`
--

DROP TABLE IF EXISTS `tbl_common_access_restriction_bk`;
/*!40101 SET @saved_cs_client     = @@character_set_client */;
/*!40101 SET character_set_client = utf8 */;
CREATE TABLE `tbl_common_access_restriction_bk` (
  `common_access_restriction_id` int(10) unsigned NOT NULL,
  `common_subject_section_id` int(10) unsigned NOT NULL,
  `school_id` int(10) unsigned NOT NULL,
  `grade_enable` tinyint(3) unsigned NOT NULL,
  `classroom_enable` tinyint(3) unsigned NOT NULL,
  `course_enable` tinyint(3) unsigned NOT NULL,
  PRIMARY KEY (`common_access_restriction_id`),
  KEY `common_subject_section_id` (`common_subject_section_id`),
  KEY `grade_enable` (`grade_enable`),
  KEY `classroom_enable` (`classroom_enable`),
  KEY `course_enable` (`course_enable`),
  KEY `school_id` (`school_id`),
  CONSTRAINT `tbl_common_access_restriction_bk_ibfk_2` FOREIGN KEY (`grade_enable`) REFERENCES `mst_boolean` (`boolean_id`),
  CONSTRAINT `tbl_common_access_restriction_bk_ibfk_3` FOREIGN KEY (`classroom_enable`) REFERENCES `mst_boolean` (`boolean_id`),
  CONSTRAINT `tbl_common_access_restriction_bk_ibfk_4` FOREIGN KEY (`course_enable`) REFERENCES `mst_boolean` (`boolean_id`),
  CONSTRAINT `tbl_common_access_restriction_bk_ibfk_5` FOREIGN KEY (`common_subject_section_id`) REFERENCES `tbl_common_subject_section_bk` (`common_subject_section_id`),
  CONSTRAINT `tbl_common_access_restriction_bk_ibfk_6` FOREIGN KEY (`school_id`) REFERENCES `tbl_school` (`school_id`)
) ENGINE=InnoDB DEFAULT CHARSET=utf8 COLLATE=utf8_bin;
/*!40101 SET character_set_client = @saved_cs_client */;

--
-- Dumping data for table `tbl_common_access_restriction_bk`
--

LOCK TABLES `tbl_common_access_restriction_bk` WRITE;
/*!40000 ALTER TABLE `tbl_common_access_restriction_bk` DISABLE KEYS */;
/*!40000 ALTER TABLE `tbl_common_access_restriction_bk` ENABLE KEYS */;
UNLOCK TABLES;

--
-- Table structure for table `tbl_common_access_restriction_classroom_bk`
--

DROP TABLE IF EXISTS `tbl_common_access_restriction_classroom_bk`;
/*!40101 SET @saved_cs_client     = @@character_set_client */;
/*!40101 SET character_set_client = utf8 */;
CREATE TABLE `tbl_common_access_restriction_classroom_bk` (
  `common_access_restriction_id` int(10) unsigned NOT NULL,
  `classroom_id` int(10) unsigned NOT NULL,
  PRIMARY KEY (`common_access_restriction_id`,`classroom_id`),
  KEY `classroom_id` (`classroom_id`),
  CONSTRAINT `tbl_common_access_restriction_classroom_bk_ibfk_1` FOREIGN KEY (`common_access_restriction_id`) REFERENCES `tbl_common_access_restriction_bk` (`common_access_restriction_id`),
  CONSTRAINT `tbl_common_access_restriction_classroom_bk_ibfk_2` FOREIGN KEY (`classroom_id`) REFERENCES `tbl_classroom` (`classroom_id`)
) ENGINE=InnoDB DEFAULT CHARSET=utf8 COLLATE=utf8_bin;
/*!40101 SET character_set_client = @saved_cs_client */;

--
-- Dumping data for table `tbl_common_access_restriction_classroom_bk`
--

LOCK TABLES `tbl_common_access_restriction_classroom_bk` WRITE;
/*!40000 ALTER TABLE `tbl_common_access_restriction_classroom_bk` DISABLE KEYS */;
/*!40000 ALTER TABLE `tbl_common_access_restriction_classroom_bk` ENABLE KEYS */;
UNLOCK TABLES;

--
-- Table structure for table `tbl_common_access_restriction_course_bk`
--

DROP TABLE IF EXISTS `tbl_common_access_restriction_course_bk`;
/*!40101 SET @saved_cs_client     = @@character_set_client */;
/*!40101 SET character_set_client = utf8 */;
CREATE TABLE `tbl_common_access_restriction_course_bk` (
  `common_access_restriction_id` int(10) unsigned NOT NULL,
  `course_id` int(10) unsigned NOT NULL,
  PRIMARY KEY (`common_access_restriction_id`,`course_id`),
  KEY `course_id` (`course_id`),
  CONSTRAINT `tbl_common_access_restriction_course_bk_ibfk_1` FOREIGN KEY (`common_access_restriction_id`) REFERENCES `tbl_common_access_restriction_bk` (`common_access_restriction_id`),
  CONSTRAINT `tbl_common_access_restriction_course_bk_ibfk_2` FOREIGN KEY (`course_id`) REFERENCES `tbl_course` (`course_id`)
) ENGINE=InnoDB DEFAULT CHARSET=utf8 COLLATE=utf8_bin;
/*!40101 SET character_set_client = @saved_cs_client */;

--
-- Dumping data for table `tbl_common_access_restriction_course_bk`
--

LOCK TABLES `tbl_common_access_restriction_course_bk` WRITE;
/*!40000 ALTER TABLE `tbl_common_access_restriction_course_bk` DISABLE KEYS */;
/*!40000 ALTER TABLE `tbl_common_access_restriction_course_bk` ENABLE KEYS */;
UNLOCK TABLES;

--
-- Table structure for table `tbl_common_access_restriction_grade_bk`
--

DROP TABLE IF EXISTS `tbl_common_access_restriction_grade_bk`;
/*!40101 SET @saved_cs_client     = @@character_set_client */;
/*!40101 SET character_set_client = utf8 */;
CREATE TABLE `tbl_common_access_restriction_grade_bk` (
  `common_access_restriction_id` int(10) unsigned NOT NULL,
  `grade_id` int(10) unsigned NOT NULL,
  PRIMARY KEY (`common_access_restriction_id`,`grade_id`),
  KEY `grade_id` (`grade_id`),
  CONSTRAINT `tbl_common_access_restriction_grade_bk_ibfk_1` FOREIGN KEY (`common_access_restriction_id`) REFERENCES `tbl_common_access_restriction_bk` (`common_access_restriction_id`),
  CONSTRAINT `tbl_common_access_restriction_grade_bk_ibfk_2` FOREIGN KEY (`grade_id`) REFERENCES `tbl_grade` (`grade_id`)
) ENGINE=InnoDB DEFAULT CHARSET=utf8 COLLATE=utf8_bin;
/*!40101 SET character_set_client = @saved_cs_client */;

--
-- Dumping data for table `tbl_common_access_restriction_grade_bk`
--

LOCK TABLES `tbl_common_access_restriction_grade_bk` WRITE;
/*!40000 ALTER TABLE `tbl_common_access_restriction_grade_bk` DISABLE KEYS */;
/*!40000 ALTER TABLE `tbl_common_access_restriction_grade_bk` ENABLE KEYS */;
UNLOCK TABLES;

--
-- Table structure for table `tbl_common_access_restriction_school_bk`
--

DROP TABLE IF EXISTS `tbl_common_access_restriction_school_bk`;
/*!40101 SET @saved_cs_client     = @@character_set_client */;
/*!40101 SET character_set_client = utf8 */;
CREATE TABLE `tbl_common_access_restriction_school_bk` (
  `common_subject_section_id` int(10) unsigned NOT NULL,
  `school_id` int(10) unsigned NOT NULL,
  PRIMARY KEY (`common_subject_section_id`,`school_id`),
  KEY `school_id` (`school_id`),
  CONSTRAINT `tbl_common_access_restriction_school_bk_ibfk_1` FOREIGN KEY (`common_subject_section_id`) REFERENCES `tbl_common_subject_section_bk` (`common_subject_section_id`),
  CONSTRAINT `tbl_common_access_restriction_school_bk_ibfk_2` FOREIGN KEY (`school_id`) REFERENCES `tbl_school` (`school_id`)
) ENGINE=InnoDB DEFAULT CHARSET=utf8 COLLATE=utf8_bin;
/*!40101 SET character_set_client = @saved_cs_client */;

--
-- Dumping data for table `tbl_common_access_restriction_school_bk`
--

LOCK TABLES `tbl_common_access_restriction_school_bk` WRITE;
/*!40000 ALTER TABLE `tbl_common_access_restriction_school_bk` DISABLE KEYS */;
/*!40000 ALTER TABLE `tbl_common_access_restriction_school_bk` ENABLE KEYS */;
UNLOCK TABLES;

--
-- Table structure for table `tbl_common_contents_attachment_bk`
--

DROP TABLE IF EXISTS `tbl_common_contents_attachment_bk`;
/*!40101 SET @saved_cs_client     = @@character_set_client */;
/*!40101 SET character_set_client = utf8 */;
CREATE TABLE `tbl_common_contents_attachment_bk` (
  `common_contents_attachment_id` int(10) unsigned NOT NULL,
  `common_contents_id` int(10) unsigned NOT NULL,
  `file_name` varchar(255) NOT NULL DEFAULT '',
  PRIMARY KEY (`common_contents_attachment_id`),
  KEY `common_contents_id` (`common_contents_id`),
  CONSTRAINT `tbl_common_contents_attachment_bk_ibfk_1` FOREIGN KEY (`common_contents_id`) REFERENCES `tbl_common_contents_bk` (`common_contents_id`)
) ENGINE=InnoDB DEFAULT CHARSET=utf8;
/*!40101 SET character_set_client = @saved_cs_client */;

--
-- Dumping data for table `tbl_common_contents_attachment_bk`
--

LOCK TABLES `tbl_common_contents_attachment_bk` WRITE;
/*!40000 ALTER TABLE `tbl_common_contents_attachment_bk` DISABLE KEYS */;
/*!40000 ALTER TABLE `tbl_common_contents_attachment_bk` ENABLE KEYS */;
UNLOCK TABLES;

--
-- Table structure for table `tbl_common_contents_bk`
--

DROP TABLE IF EXISTS `tbl_common_contents_bk`;
/*!40101 SET @saved_cs_client     = @@character_set_client */;
/*!40101 SET character_set_client = utf8 */;
CREATE TABLE `tbl_common_contents_bk` (
  `common_contents_id` int(10) unsigned NOT NULL,
  `common_subject_section_id` int(10) unsigned NOT NULL,
  `common_contents_name` varchar(255) COLLATE utf8_bin NOT NULL,
  `comment` varchar(255) COLLATE utf8_bin NOT NULL,
  `file_name` varchar(255) COLLATE utf8_bin NOT NULL,
  `contents_extension_id` tinyint(3) unsigned NOT NULL,
  `enable` tinyint(3) unsigned NOT NULL DEFAULT '1',
  `display_order` int(10) unsigned DEFAULT NULL,
  PRIMARY KEY (`common_contents_id`),
  UNIQUE KEY `display_order` (`display_order`),
  KEY `common_subject_section_id` (`common_subject_section_id`),
  KEY `contents_extension_id` (`contents_extension_id`),
  KEY `enable` (`enable`),
  CONSTRAINT `tbl_common_contents_bk_ibfk_1` FOREIGN KEY (`common_subject_section_id`) REFERENCES `tbl_common_subject_section_bk` (`common_subject_section_id`),
  CONSTRAINT `tbl_common_contents_bk_ibfk_2` FOREIGN KEY (`contents_extension_id`) REFERENCES `mst_contents_extension` (`contents_extension_id`),
  CONSTRAINT `tbl_common_contents_bk_ibfk_3` FOREIGN KEY (`enable`) REFERENCES `mst_boolean` (`boolean_id`)
) ENGINE=InnoDB DEFAULT CHARSET=utf8 COLLATE=utf8_bin;
/*!40101 SET character_set_client = @saved_cs_client */;

--
-- Dumping data for table `tbl_common_contents_bk`
--

LOCK TABLES `tbl_common_contents_bk` WRITE;
/*!40000 ALTER TABLE `tbl_common_contents_bk` DISABLE KEYS */;
/*!40000 ALTER TABLE `tbl_common_contents_bk` ENABLE KEYS */;
UNLOCK TABLES;

--
-- Table structure for table `tbl_common_subject_bk`
--

DROP TABLE IF EXISTS `tbl_common_subject_bk`;
/*!40101 SET @saved_cs_client     = @@character_set_client */;
/*!40101 SET character_set_client = utf8 */;
CREATE TABLE `tbl_common_subject_bk` (
  `common_subject_id` int(10) unsigned NOT NULL,
  `common_subject_name` varchar(255) COLLATE utf8_bin NOT NULL,
  `enable` tinyint(3) unsigned NOT NULL DEFAULT '1',
  `display_order` int(10) unsigned DEFAULT NULL,
  PRIMARY KEY (`common_subject_id`),
  UNIQUE KEY `display_order` (`display_order`),
  KEY `enable` (`enable`),
  CONSTRAINT `tbl_common_subject_bk_ibfk_1` FOREIGN KEY (`enable`) REFERENCES `mst_boolean` (`boolean_id`)
) ENGINE=InnoDB DEFAULT CHARSET=utf8 COLLATE=utf8_bin;
/*!40101 SET character_set_client = @saved_cs_client */;

--
-- Dumping data for table `tbl_common_subject_bk`
--

LOCK TABLES `tbl_common_subject_bk` WRITE;
/*!40000 ALTER TABLE `tbl_common_subject_bk` DISABLE KEYS */;
/*!40000 ALTER TABLE `tbl_common_subject_bk` ENABLE KEYS */;
UNLOCK TABLES;

--
-- Table structure for table `tbl_common_subject_section_bk`
--

DROP TABLE IF EXISTS `tbl_common_subject_section_bk`;
/*!40101 SET @saved_cs_client     = @@character_set_client */;
/*!40101 SET character_set_client = utf8 */;
CREATE TABLE `tbl_common_subject_section_bk` (
  `common_subject_section_id` int(10) unsigned NOT NULL,
  `common_subject_id` int(10) unsigned NOT NULL,
  `common_subject_section_name` varchar(255) COLLATE utf8_bin NOT NULL,
  `enable` tinyint(3) unsigned NOT NULL DEFAULT '1',
  `display_order` int(10) unsigned DEFAULT NULL,
  PRIMARY KEY (`common_subject_section_id`),
  UNIQUE KEY `display_order` (`display_order`),
  KEY `common_subject_id` (`common_subject_id`),
  KEY `enable` (`enable`),
  CONSTRAINT `tbl_common_subject_section_bk_ibfk_1` FOREIGN KEY (`common_subject_id`) REFERENCES `tbl_common_subject_bk` (`common_subject_id`),
  CONSTRAINT `tbl_common_subject_section_bk_ibfk_2` FOREIGN KEY (`enable`) REFERENCES `mst_boolean` (`boolean_id`)
) ENGINE=InnoDB DEFAULT CHARSET=utf8 COLLATE=utf8_bin;
/*!40101 SET character_set_client = @saved_cs_client */;

--
-- Dumping data for table `tbl_common_subject_section_bk`
--

LOCK TABLES `tbl_common_subject_section_bk` WRITE;
/*!40000 ALTER TABLE `tbl_common_subject_section_bk` DISABLE KEYS */;
/*!40000 ALTER TABLE `tbl_common_subject_section_bk` ENABLE KEYS */;
UNLOCK TABLES;

--
-- Table structure for table `tbl_contents`
--

DROP TABLE IF EXISTS `tbl_contents`;
/*!40101 SET @saved_cs_client     = @@character_set_client */;
/*!40101 SET character_set_client = utf8 */;
CREATE TABLE `tbl_contents` (
  `contents_id` int(10) unsigned NOT NULL AUTO_INCREMENT,
  `school_id` int(10) unsigned NOT NULL DEFAULT '0',
  `contents_category_id` tinyint(3) unsigned NOT NULL DEFAULT '1',
  `subject_section_id` int(10) unsigned NOT NULL,
  `contents_name` varchar(255) COLLATE utf8_bin NOT NULL,
  `comment` varchar(255) COLLATE utf8_bin NOT NULL,
  `first_day` date DEFAULT NULL,
  `last_day` date DEFAULT NULL,
  `file_name` varchar(255) COLLATE utf8_bin NOT NULL,
  `user_level_id` tinyint(3) unsigned NOT NULL DEFAULT '1',
  `register_id` int(10) unsigned NOT NULL,
  `register_datetime` datetime DEFAULT NULL,
  `contents_extension_id` tinyint(3) unsigned NOT NULL,
  `size` int(10) unsigned NOT NULL,
  `enable` tinyint(3) unsigned NOT NULL DEFAULT '1',
  `display_order` int(10) unsigned NOT NULL DEFAULT '1',
  `bit_classroom` varchar(1000) COLLATE utf8_bin NOT NULL DEFAULT '0',
  `proportion` int(10) unsigned NOT NULL DEFAULT '50',
  PRIMARY KEY (`contents_id`)
) ENGINE=InnoDB AUTO_INCREMENT=22 DEFAULT CHARSET=utf8 COLLATE=utf8_bin;
/*!40101 SET character_set_client = @saved_cs_client */;

--
-- Dumping data for table `tbl_contents`
--

LOCK TABLES `tbl_contents` WRITE;
/*!40000 ALTER TABLE `tbl_contents` DISABLE KEYS */;
INSERT INTO `tbl_contents` VALUES (1,1,1,0,'1','1','0000-01-01','9999-12-31','0623',0,1,'2019-05-29 08:58:52',2,2171687,0,1,'4000',50),(2,1,1,0,'Video(TB)','Video(TB)','0000-01-01','9999-12-31','0623',0,1,'2019-05-29 09:02:10',2,2171687,1,2,'4000',50),(3,1,1,0,'3','3','0000-01-01','9999-12-31','0810',0,1,'2019-05-29 09:05:14',2,2886274,0,3,'8000',50),(4,1,1,0,'2','','0000-01-01','9999-12-31','0721',0,4,'2019-05-31 02:56:47',2,2885946,1,4,'8000',50),(5,1,1,0,'Registration test','Registration test','0000-01-01','9999-12-31','0721',0,3,'2019-06-14 06:14:03',2,2885946,1,5,'4000',50),(6,1,1,0,'video(mp4)','','0000-01-01','9999-12-31','WebLMS_outline',0,3,'2019-06-15 04:33:29',8,11820903,1,6,'4000',50),(7,1,1,0,'1','1','0000-01-01','9999-12-31','0623',0,3,'2019-06-15 08:14:09',2,2171687,1,7,'8000',50),(8,1,1,0,'3','','0000-01-01','9999-12-31','0810',0,3,'2019-06-15 08:14:26',2,2886274,1,8,'8000',50),(9,1,1,0,'Basic-1','','0000-01-01','9999-12-31','Gr1n',0,5,'2019-06-18 14:18:44',4,1674387,1,9,'0-0-0-400',50),(10,1,1,0,'Basic-1','','0000-01-01','9999-12-31','Gr1s',0,5,'2019-06-18 14:20:31',4,1841190,1,10,'0-0-0-2000',50),(11,1,1,0,'Test1','To test for contents upload','2019-07-09','2019-07-10','Urinary_Catheterization-2',0,5,'2019-07-08 03:48:44',4,6945017,1,11,'4000',50),(12,1,1,0,'Scope of Sociology','','0000-01-01','9999-12-31','Psycho',0,5,'2019-07-20 04:23:20',4,3693189,1,12,'0-0-0-0-0-400',50),(13,1,1,0,'2019722-a2','2019722-a','0000-01-01','9999-12-31','0707',0,3,'2019-07-22 01:23:23',2,3127351,1,13,'10000',50),(14,1,1,0,'20190722-b','20190722-b','0000-01-01','9999-12-31','0728',0,3,'2019-07-22 02:56:51',2,3507418,1,14,'10000',50),(15,1,1,0,'Check Contents (TB / 3min)','','0000-01-01','9999-12-31','Hamberger',0,14,'2019-07-30 04:33:28',2,5739327,1,15,'10000',30),(16,1,1,0,'Check Contents (TB / 5min)','','0000-01-01','9999-12-31','5min',0,14,'2019-07-30 04:33:56',2,5980091,1,16,'10000',30),(17,1,1,0,'Check Contents (mp4 / 3min)','','0000-01-01','9999-12-31','new',0,14,'2019-07-30 04:36:40',8,6777682,1,17,'10000',30),(18,1,1,0,'Check Contents (mp4 / 5min)','','0000-01-01','9999-12-31','TB',0,14,'2019-07-30 04:37:20',8,4621301,1,18,'10000',50),(19,1,1,0,'Content-1','LMS practical test','2019-07-30','2019-08-08','Contents1',0,11,'2019-07-30 09:46:11',2,5739327,0,19,'0-0-0-0-0-4000',50),(20,1,1,0,'Content-2','LMS Practical Test','2019-07-30','9999-12-31','Contents2',0,11,'2019-07-30 09:46:51',2,3915547,0,20,'0-0-0-0-0-4000',50),(21,1,1,0,'Content-3','LMS practical test','0000-01-01','9999-12-31','Contents3',0,11,'2019-07-30 09:47:22',2,2797366,0,21,'0-0-0-0-0-4000',65);
/*!40000 ALTER TABLE `tbl_contents` ENABLE KEYS */;
UNLOCK TABLES;

--
-- Table structure for table `tbl_contents_attachment`
--

DROP TABLE IF EXISTS `tbl_contents_attachment`;
/*!40101 SET @saved_cs_client     = @@character_set_client */;
/*!40101 SET character_set_client = utf8 */;
CREATE TABLE `tbl_contents_attachment` (
  `contents_attachment_id` int(10) unsigned NOT NULL AUTO_INCREMENT,
  `contents_category_id` tinyint(3) unsigned NOT NULL,
  `contents_id` int(10) unsigned NOT NULL,
  `file_name` varchar(255) NOT NULL DEFAULT '',
  PRIMARY KEY (`contents_attachment_id`)
) ENGINE=InnoDB AUTO_INCREMENT=3 DEFAULT CHARSET=utf8;
/*!40101 SET character_set_client = @saved_cs_client */;

--
-- Dumping data for table `tbl_contents_attachment`
--

LOCK TABLES `tbl_contents_attachment` WRITE;
/*!40000 ALTER TABLE `tbl_contents_attachment` DISABLE KEYS */;
INSERT INTO `tbl_contents_attachment` VALUES (2,1,8,'temptest.xlsx');
/*!40000 ALTER TABLE `tbl_contents_attachment` ENABLE KEYS */;
UNLOCK TABLES;

--
-- Table structure for table `tbl_course`
--

DROP TABLE IF EXISTS `tbl_course`;
/*!40101 SET @saved_cs_client     = @@character_set_client */;
/*!40101 SET character_set_client = utf8 */;
CREATE TABLE `tbl_course` (
  `course_id` int(10) unsigned NOT NULL AUTO_INCREMENT,
  `school_id` int(11) unsigned NOT NULL,
  `course_name` varchar(255) COLLATE utf8_bin NOT NULL,
  `enable` tinyint(3) unsigned NOT NULL DEFAULT '1',
  `display_order` int(11) unsigned DEFAULT NULL,
  PRIMARY KEY (`course_id`)
) ENGINE=InnoDB DEFAULT CHARSET=utf8 COLLATE=utf8_bin;
/*!40101 SET character_set_client = @saved_cs_client */;

--
-- Dumping data for table `tbl_course`
--

LOCK TABLES `tbl_course` WRITE;
/*!40000 ALTER TABLE `tbl_course` DISABLE KEYS */;
/*!40000 ALTER TABLE `tbl_course` ENABLE KEYS */;
UNLOCK TABLES;

--
-- Table structure for table `tbl_course_subject_section`
--

DROP TABLE IF EXISTS `tbl_course_subject_section`;
/*!40101 SET @saved_cs_client     = @@character_set_client */;
/*!40101 SET character_set_client = utf8 */;
CREATE TABLE `tbl_course_subject_section` (
  `course_id` int(10) unsigned NOT NULL,
  `subject_section_id` int(10) unsigned NOT NULL
) ENGINE=InnoDB DEFAULT CHARSET=latin1;
/*!40101 SET character_set_client = @saved_cs_client */;

--
-- Dumping data for table `tbl_course_subject_section`
--

LOCK TABLES `tbl_course_subject_section` WRITE;
/*!40000 ALTER TABLE `tbl_course_subject_section` DISABLE KEYS */;
/*!40000 ALTER TABLE `tbl_course_subject_section` ENABLE KEYS */;
UNLOCK TABLES;

--
-- Table structure for table `tbl_function_group`
--

DROP TABLE IF EXISTS `tbl_function_group`;
/*!40101 SET @saved_cs_client     = @@character_set_client */;
/*!40101 SET character_set_client = utf8 */;
CREATE TABLE `tbl_function_group` (
  `function_group_id` int(10) unsigned NOT NULL AUTO_INCREMENT,
  `school_id` int(10) unsigned NOT NULL DEFAULT '1',
  `function_group_name` varchar(255) NOT NULL,
  `bit_classroom` varchar(1000) NOT NULL DEFAULT '0',
  `enable` tinyint(3) unsigned NOT NULL,
  UNIQUE KEY `function_group_id` (`function_group_id`)
) ENGINE=InnoDB AUTO_INCREMENT=26 DEFAULT CHARSET=utf8;
/*!40101 SET character_set_client = @saved_cs_client */;

--
-- Dumping data for table `tbl_function_group`
--

LOCK TABLES `tbl_function_group` WRITE;
/*!40000 ALTER TABLE `tbl_function_group` DISABLE KEYS */;
INSERT INTO `tbl_function_group` VALUES (1,1,'Forder 1','4000',0),(2,1,'1','8000',1),(3,1,'New Forder','4000',0),(4,1,'Untitled folder','4000',0),(5,1,'Untitled folder','8000',0),(6,1,'Untitled folder','8000',0),(7,1,'Untitled folder','8000',0),(8,1,'Folder 1','4000',1),(9,1,'Untitled folder','4000',0),(10,1,'Folder 2','4000',1),(11,1,'Folder 3','4000',1),(12,1,' folder2','8000',1),(13,1,'Test1','4000',1),(14,1,'Test1','4000',0),(15,1,'test2','4000',0),(16,1,'Nursing','4000',0),(17,1,'CP TOT','4000',0),(18,1,'Nursing Basic 1','4000',0),(19,1,'Nursing Basic 1','4000',1),(20,1,'Untitled folder','4000',0),(21,1,'Untitled folder','4000',0),(22,1,'Untitled folder','4000',1),(23,1,'LMS CLASS ','4000',0),(24,1,'Jun','4000',1),(25,1,'Check','10000',1);
/*!40000 ALTER TABLE `tbl_function_group` ENABLE KEYS */;
UNLOCK TABLES;

--
-- Table structure for table `tbl_function_list`
--

DROP TABLE IF EXISTS `tbl_function_list`;
/*!40101 SET @saved_cs_client     = @@character_set_client */;
/*!40101 SET character_set_client = utf8 */;
CREATE TABLE `tbl_function_list` (
  `type` tinyint(3) unsigned NOT NULL COMMENT '0123',
  `primary_id` int(10) unsigned NOT NULL,
  `parent_function_group_id` int(10) unsigned NOT NULL,
  `display_order` int(10) unsigned NOT NULL
) ENGINE=InnoDB DEFAULT CHARSET=utf8;
/*!40101 SET character_set_client = @saved_cs_client */;

--
-- Dumping data for table `tbl_function_list`
--

LOCK TABLES `tbl_function_list` WRITE;
/*!40000 ALTER TABLE `tbl_function_list` DISABLE KEYS */;
INSERT INTO `tbl_function_list` VALUES (0,1,0,1),(0,2,8,17),(0,3,0,3),(0,4,12,48),(3,1,11,6),(1,1,10,5),(2,2,11,7),(4,1,0,8),(3,2,2,10),(1,3,2,11),(2,4,2,9),(4,2,0,55),(3,3,0,13),(4,3,0,2),(1,5,8,14),(3,4,0,16),(0,5,8,15),(3,5,0,18),(3,6,0,19),(4,4,0,20),(4,5,0,21),(4,6,0,22),(4,7,0,23),(0,6,10,24),(3,7,0,25),(3,8,0,26),(3,9,0,27),(3,10,0,28),(3,11,0,29),(3,12,0,30),(3,13,0,31),(3,14,0,32),(3,15,0,33),(3,16,0,34),(3,17,0,35),(3,18,0,36),(0,7,2,41),(0,8,12,38),(3,19,12,37),(1,6,2,4),(2,7,2,40),(4,8,0,44),(4,9,0,43),(4,10,0,42),(4,11,0,45),(3,20,0,46),(3,21,0,47),(2,8,12,39),(0,9,0,49),(0,10,0,50),(3,22,0,51),(3,23,0,52),(3,24,0,53),(3,25,0,54),(4,12,0,12),(3,26,0,56),(3,27,0,57),(1,9,0,58),(4,13,0,62),(4,14,0,60),(0,11,19,99),(3,28,0,59),(1,10,13,63),(2,11,13,64),(3,29,0,65),(3,30,0,66),(4,15,0,67),(0,12,0,68),(3,31,0,69),(3,32,0,70),(3,33,0,71),(0,13,0,72),(3,34,0,73),(3,35,0,74),(0,14,0,75),(3,36,0,76),(3,37,0,77),(3,38,0,78),(3,39,0,79),(3,40,0,80),(3,41,0,81),(3,42,0,82),(3,43,0,83),(3,44,0,84),(3,45,0,85),(3,46,0,86),(3,47,0,87),(3,48,0,88),(4,16,0,89),(3,49,0,90),(1,12,24,91),(1,13,0,92),(1,14,0,93),(1,15,19,61),(1,16,0,95),(2,17,0,96),(2,18,0,97),(2,19,24,98),(2,20,19,94),(2,21,22,100),(4,17,0,101),(4,18,0,102),(4,19,0,103),(4,20,0,104),(4,21,0,105),(4,22,0,106),(4,23,0,108),(4,24,0,107),(3,50,0,109),(0,15,25,113),(0,16,25,111),(0,17,25,112),(0,18,25,110),(4,25,0,114),(0,19,0,115),(0,20,0,116),(0,21,0,117);
/*!40000 ALTER TABLE `tbl_function_list` ENABLE KEYS */;
UNLOCK TABLES;

--
-- Table structure for table `tbl_grade`
--

DROP TABLE IF EXISTS `tbl_grade`;
/*!40101 SET @saved_cs_client     = @@character_set_client */;
/*!40101 SET character_set_client = utf8 */;
CREATE TABLE `tbl_grade` (
  `grade_id` int(10) unsigned NOT NULL AUTO_INCREMENT,
  `school_id` int(10) unsigned NOT NULL,
  `grade_name` varchar(255) COLLATE utf8_bin NOT NULL,
  `enable` tinyint(3) unsigned NOT NULL DEFAULT '1',
  `display_order` int(10) unsigned DEFAULT NULL,
  PRIMARY KEY (`grade_id`)
) ENGINE=InnoDB DEFAULT CHARSET=utf8 COLLATE=utf8_bin;
/*!40101 SET character_set_client = @saved_cs_client */;

--
-- Dumping data for table `tbl_grade`
--

LOCK TABLES `tbl_grade` WRITE;
/*!40000 ALTER TABLE `tbl_grade` DISABLE KEYS */;
/*!40000 ALTER TABLE `tbl_grade` ENABLE KEYS */;
UNLOCK TABLES;

--
-- Table structure for table `tbl_grade_subject_section`
--

DROP TABLE IF EXISTS `tbl_grade_subject_section`;
/*!40101 SET @saved_cs_client     = @@character_set_client */;
/*!40101 SET character_set_client = utf8 */;
CREATE TABLE `tbl_grade_subject_section` (
  `grade_id` int(10) unsigned NOT NULL,
  `subject_section_id` int(10) unsigned NOT NULL
) ENGINE=InnoDB DEFAULT CHARSET=latin1;
/*!40101 SET character_set_client = @saved_cs_client */;

--
-- Dumping data for table `tbl_grade_subject_section`
--

LOCK TABLES `tbl_grade_subject_section` WRITE;
/*!40000 ALTER TABLE `tbl_grade_subject_section` DISABLE KEYS */;
/*!40000 ALTER TABLE `tbl_grade_subject_section` ENABLE KEYS */;
UNLOCK TABLES;

--
-- Table structure for table `tbl_lecture_group`
--

DROP TABLE IF EXISTS `tbl_lecture_group`;
/*!40101 SET @saved_cs_client     = @@character_set_client */;
/*!40101 SET character_set_client = utf8 */;
CREATE TABLE `tbl_lecture_group` (
  `group_id` int(10) unsigned NOT NULL,
  `lecture_type` tinyint(3) unsigned NOT NULL,
  `lecture_id` int(10) unsigned NOT NULL,
  `lecture_order` int(10) unsigned NOT NULL
) ENGINE=InnoDB DEFAULT CHARSET=utf8;
/*!40101 SET character_set_client = @saved_cs_client */;

--
-- Dumping data for table `tbl_lecture_group`
--

LOCK TABLES `tbl_lecture_group` WRITE;
/*!40000 ALTER TABLE `tbl_lecture_group` DISABLE KEYS */;
/*!40000 ALTER TABLE `tbl_lecture_group` ENABLE KEYS */;
UNLOCK TABLES;

--
-- Table structure for table `tbl_message`
--

DROP TABLE IF EXISTS `tbl_message`;
/*!40101 SET @saved_cs_client     = @@character_set_client */;
/*!40101 SET character_set_client = utf8 */;
CREATE TABLE `tbl_message` (
  `message_id` int(10) unsigned NOT NULL AUTO_INCREMENT,
  `school_id` int(10) unsigned NOT NULL,
  `title` varchar(255) NOT NULL,
  `auther_user_level_id` tinyint(3) unsigned NOT NULL,
  `auther_user_id` int(10) unsigned NOT NULL,
  `register_datetime` datetime NOT NULL,
  `type` tinyint(3) unsigned NOT NULL,
  `message_level` tinyint(3) unsigned NOT NULL,
  `limit_date` date NOT NULL,
  `enable` tinyint(3) unsigned NOT NULL,
  PRIMARY KEY (`message_id`)
) ENGINE=InnoDB AUTO_INCREMENT=22 DEFAULT CHARSET=utf8;
/*!40101 SET character_set_client = @saved_cs_client */;

--
-- Dumping data for table `tbl_message`
--

LOCK TABLES `tbl_message` WRITE;
/*!40000 ALTER TABLE `tbl_message` DISABLE KEYS */;
INSERT INTO `tbl_message` VALUES (1,1,'message',1,3,'2019-06-04 07:10:48',2,2,'2019-07-04',0),(2,1,'meaasege 2',1,3,'2019-06-06 10:36:37',0,2,'2019-07-06',0),(3,1,'news',1,3,'2019-06-15 04:44:39',2,2,'2019-07-15',0),(4,1,'Notice',1,3,'2019-06-15 04:51:14',0,2,'2019-07-15',0),(5,1,'1',1,3,'2019-06-15 08:35:26',0,0,'2019-07-15',0),(6,1,'2',1,3,'2019-06-15 08:36:58',2,2,'2019-07-15',0),(7,1,'Hello Administrator',3,3,'2019-06-17 08:01:22',2,2,'2019-06-24',0),(8,1,'hello',3,3,'2019-06-26 05:28:33',2,2,'2019-07-03',1),(9,1,'bbbb',3,6,'2019-06-26 05:29:10',2,2,'2019-07-03',1),(10,1,'mentenannse info',1,7,'2019-06-26 05:32:27',0,1,'2019-07-26',1),(11,1,'OOP',1,8,'2019-07-07 11:16:27',2,2,'2019-08-07',0),(12,1,'AI',1,8,'2019-07-07 12:00:40',2,2,'2019-08-07',1),(13,1,'Exam',1,6,'2019-07-07 13:42:30',2,2,'2019-08-07',1),(14,1,'Scope of the Sociology',3,6,'2019-07-20 04:46:15',2,2,'2019-07-27',1),(15,1,'Scope of the Sociology',1,5,'2019-07-20 04:55:18',2,2,'2019-08-20',1),(16,1,'TakeOver&amp;GetOver-1',3,6,'2019-07-20 05:11:46',2,2,'2019-07-27',1),(17,1,'TakeOver&amp;GetOver-1',1,5,'2019-07-20 05:16:29',2,2,'2019-08-20',1),(18,1,'Octopus ',1,8,'2019-07-23 06:41:11',1,0,'2019-08-23',1),(19,1,'test',1,11,'2019-07-23 06:42:21',2,2,'2019-08-23',1),(20,1,'LMS CLASS',1,5,'2019-07-23 06:42:23',1,0,'2019-07-23',1),(21,1,'Hello message',1,8,'2019-07-23 06:42:24',2,2,'2019-08-23',1);
/*!40000 ALTER TABLE `tbl_message` ENABLE KEYS */;
UNLOCK TABLES;

--
-- Table structure for table `tbl_message_check`
--

DROP TABLE IF EXISTS `tbl_message_check`;
/*!40101 SET @saved_cs_client     = @@character_set_client */;
/*!40101 SET character_set_client = utf8 */;
CREATE TABLE `tbl_message_check` (
  `message_id` int(10) unsigned NOT NULL,
  `user_level_id` tinyint(3) unsigned NOT NULL,
  `user_id` int(10) unsigned NOT NULL,
  `check_date` datetime NOT NULL
) ENGINE=InnoDB DEFAULT CHARSET=utf8;
/*!40101 SET character_set_client = @saved_cs_client */;

--
-- Dumping data for table `tbl_message_check`
--

LOCK TABLES `tbl_message_check` WRITE;
/*!40000 ALTER TABLE `tbl_message_check` DISABLE KEYS */;
INSERT INTO `tbl_message_check` VALUES (2,1,3,'2019-06-06 10:36:40'),(1,1,2,'2019-06-14 05:45:25'),(1,1,3,'2019-06-14 07:33:51'),(2,3,3,'2019-06-14 07:41:14'),(1,3,3,'2019-06-15 04:48:57'),(4,3,3,'2019-06-15 04:51:26'),(5,1,3,'2019-06-15 08:52:15'),(5,3,3,'2019-06-15 08:52:33'),(6,3,3,'2019-06-15 08:52:51'),(6,1,3,'2019-06-15 08:53:04'),(7,1,3,'2019-06-17 08:13:52'),(7,3,3,'2019-06-17 08:14:06'),(8,1,7,'2019-06-26 05:29:44'),(8,3,3,'2019-06-26 05:30:14'),(11,1,8,'2019-07-07 11:31:59'),(12,1,8,'2019-07-07 12:01:01'),(9,1,6,'2019-07-07 13:39:21'),(8,1,6,'2019-07-07 13:43:24'),(10,3,3,'2019-07-10 07:10:24'),(15,3,6,'2019-07-20 05:02:43'),(9,3,6,'2019-07-20 05:23:02'),(17,3,7,'2019-07-23 06:47:33'),(17,3,6,'2019-07-23 06:48:19'),(16,3,6,'2019-07-23 06:48:44'),(14,3,6,'2019-07-23 06:51:15'),(14,1,8,'2019-07-23 07:40:13'),(18,1,8,'2019-07-23 07:40:53'),(9,1,8,'2019-07-23 07:41:04'),(21,1,8,'2019-07-23 07:41:12'),(16,1,8,'2019-07-23 07:41:21'),(8,1,8,'2019-07-23 07:41:30'),(17,3,8,'2019-07-23 09:59:47'),(14,1,6,'2019-07-23 10:12:37'),(16,1,6,'2019-07-23 10:13:02'),(13,1,6,'2019-07-23 10:13:21'),(20,1,5,'2019-07-28 09:01:13'),(16,1,5,'2019-07-28 09:01:32'),(15,1,5,'2019-07-28 09:01:38'),(14,1,5,'2019-07-28 09:02:13'),(17,1,5,'2019-07-28 09:02:26'),(9,1,5,'2019-07-28 09:02:56'),(8,1,5,'2019-07-28 09:03:06'),(16,1,14,'2019-08-30 03:02:08'),(9,1,14,'2019-08-30 03:02:23'),(8,1,14,'2019-08-30 03:02:26'),(14,1,14,'2019-08-30 03:02:28');
/*!40000 ALTER TABLE `tbl_message_check` ENABLE KEYS */;
UNLOCK TABLES;

--
-- Table structure for table `tbl_message_detail`
--

DROP TABLE IF EXISTS `tbl_message_detail`;
/*!40101 SET @saved_cs_client     = @@character_set_client */;
/*!40101 SET character_set_client = utf8 */;
CREATE TABLE `tbl_message_detail` (
  `message_detail_id` int(10) unsigned NOT NULL AUTO_INCREMENT,
  `message_id` int(10) unsigned NOT NULL,
  `message` varchar(2000) NOT NULL,
  `send_user_level_id` tinyint(3) unsigned NOT NULL,
  `send_user_id` int(10) unsigned NOT NULL,
  `register_datetime` datetime NOT NULL,
  `enable` tinyint(3) unsigned NOT NULL,
  PRIMARY KEY (`message_detail_id`)
) ENGINE=InnoDB AUTO_INCREMENT=33 DEFAULT CHARSET=utf8;
/*!40101 SET character_set_client = @saved_cs_client */;

--
-- Dumping data for table `tbl_message_detail`
--

LOCK TABLES `tbl_message_detail` WRITE;
/*!40000 ALTER TABLE `tbl_message_detail` DISABLE KEYS */;
INSERT INTO `tbl_message_detail` VALUES (1,1,'message',1,3,'2019-06-04 07:10:48',1),(2,1,'1',3,3,'2019-06-04 07:11:17',1),(3,1,'',3,3,'2019-06-06 10:33:15',1),(4,2,'meaasege 2',1,3,'2019-06-06 10:36:37',0),(5,1,'',1,2,'2019-06-14 05:45:25',1),(6,3,'U.S. Puts Iran on Notice and Weighs Response to Attack on Tankers\r\nPresident Trump suggested he was ready to engage with the Iranians, who denied responsibility for the attacks on two oil tankers.\r\nTensions remained high after an official confirmed that Iran fired at an American drone where the attacks occurred.\r\n',1,3,'2019-06-15 04:44:39',1),(7,4,'SHERATON GRAND HOTEL MACAO\r\nMacao: A Global City That Meets Every Conference Need\r\nWhy more organizers are choosing Macao to host international conferences.',1,3,'2019-06-15 04:51:14',1),(8,5,'1',1,3,'2019-06-15 08:35:26',0),(9,6,'2',1,3,'2019-06-15 08:36:58',1),(10,6,'1',3,3,'2019-06-15 08:43:51',1),(11,6,'3',1,3,'2019-06-15 08:46:55',1),(12,6,'4',3,3,'2019-06-15 08:47:30',0),(13,7,'Hallo zusammen, was muss getan werden damit Windows Hello in einer lokalen Domne verwendet werden kann? Am Windows 10 Client Version 1809.',3,3,'2019-06-17 08:01:22',0),(14,7,'As with a previous CU, for me, it installed, and only recorded in the security section (programs and features) After the requested reboot, it installed it again and this time recorded it in the History.',1,3,'2019-06-17 08:13:03',0),(15,8,'how are you.',3,3,'2019-06-26 05:28:33',1),(16,9,'How are you?',3,6,'2019-06-26 05:29:10',1),(17,8,'fine',1,7,'2019-06-26 05:29:43',1),(18,10,'2019/06/26 14:00~',1,7,'2019-06-26 05:32:27',1),(19,11,'This is an Object Oriented Programming Language.',1,8,'2019-07-07 11:16:27',0),(20,11,'Would you please send me a sheet on OOP.',1,8,'2019-07-07 11:19:30',0),(21,11,'Yes, Of course',1,8,'2019-07-07 11:21:40',0),(22,11,'Kamal, you may buy a book on OOP of J K Kakian',1,8,'2019-07-07 11:30:20',0),(23,12,'Yesterday I tought you about AI.',1,8,'2019-07-07 12:00:40',1),(24,13,'Your exam will be held next Sunday.',1,6,'2019-07-07 13:42:30',1),(25,14,'Hi! Madam, How are you? I want to know about scope to sociology. Would you please help me the 3rd point of the 1st block? ',3,6,'2019-07-20 04:46:16',1),(26,15,' I am fine and you? You wanted know the 3rd point of the scope to sociology. That point was about practical situation of the society. You have to know practical situation of the society.',1,5,'2019-07-20 04:55:18',1),(27,16,'What is TakeOver&amp;GetOver? What is the meaning  of TakeOver&amp;GetOver? ',3,6,'2019-07-20 05:11:46',1),(28,17,'What you get providing this to other. This means to exchange knowledge to other.',1,5,'2019-07-20 05:16:29',1),(29,18,'Octopus',1,8,'2019-07-23 06:41:11',1),(30,19,'tttttttttttttttttttttttt',1,11,'2019-07-23 06:42:21',1),(31,20,'TIME\r\nDATE',1,5,'2019-07-23 06:42:23',1),(32,21,'Hello and welcome...',1,8,'2019-07-23 06:42:24',1);
/*!40000 ALTER TABLE `tbl_message_detail` ENABLE KEYS */;
UNLOCK TABLES;

--
-- Table structure for table `tbl_message_target`
--

DROP TABLE IF EXISTS `tbl_message_target`;
/*!40101 SET @saved_cs_client     = @@character_set_client */;
/*!40101 SET character_set_client = utf8 */;
CREATE TABLE `tbl_message_target` (
  `message_target_id` int(10) unsigned NOT NULL AUTO_INCREMENT,
  `message_detail_id` int(10) unsigned NOT NULL,
  `grade_id` int(10) unsigned NOT NULL DEFAULT '0',
  `classroom_id` int(10) unsigned NOT NULL DEFAULT '0',
  `course_id` int(10) unsigned NOT NULL DEFAULT '0',
  `receive_user_level_id` tinyint(3) unsigned NOT NULL DEFAULT '0',
  `receive_user_id` int(10) unsigned NOT NULL DEFAULT '0',
  PRIMARY KEY (`message_target_id`)
) ENGINE=InnoDB AUTO_INCREMENT=74 DEFAULT CHARSET=utf8;
/*!40101 SET character_set_client = @saved_cs_client */;

--
-- Dumping data for table `tbl_message_target`
--

LOCK TABLES `tbl_message_target` WRITE;
/*!40000 ALTER TABLE `tbl_message_target` DISABLE KEYS */;
INSERT INTO `tbl_message_target` VALUES (1,1,0,0,0,3,3),(2,2,0,0,0,1,0),(3,3,0,0,0,1,0),(4,4,0,0,0,3,4),(5,4,0,0,0,3,3),(6,5,0,0,0,3,3),(7,6,0,0,0,3,3),(8,7,0,0,0,3,3),(9,8,0,0,0,3,3),(10,9,0,0,0,3,3),(11,10,0,0,0,1,0),(12,11,0,0,0,3,3),(13,12,0,0,0,1,0),(14,13,0,0,0,1,0),(15,14,0,0,0,3,3),(16,15,0,0,0,1,0),(17,16,0,0,0,1,0),(18,17,0,0,0,3,3),(19,18,0,0,0,3,3),(20,19,0,0,0,3,31),(21,19,0,0,0,3,23),(22,20,0,0,0,3,31),(23,20,0,0,0,3,23),(24,20,0,0,0,3,8),(25,21,0,0,0,3,31),(26,21,0,0,0,3,23),(27,21,0,0,0,3,8),(28,22,0,0,0,3,23),(29,23,0,0,0,3,32),(30,24,0,0,0,3,15),(31,25,0,0,0,1,0),(32,26,0,0,0,3,6),(33,27,0,0,0,1,0),(34,28,0,0,0,3,35),(35,28,0,0,0,3,34),(36,28,0,0,0,3,33),(37,28,0,0,0,3,32),(38,28,0,0,0,3,31),(39,28,0,0,0,3,30),(40,28,0,0,0,3,29),(41,28,0,0,0,3,28),(42,28,0,0,0,3,27),(43,28,0,0,0,3,26),(44,28,0,0,0,3,25),(45,28,0,0,0,3,24),(46,28,0,0,0,3,23),(47,28,0,0,0,3,21),(48,28,0,0,0,3,20),(49,28,0,0,0,3,17),(50,28,0,0,0,3,16),(51,28,0,0,0,3,15),(52,28,0,0,0,3,14),(53,28,0,0,0,3,13),(54,28,0,0,0,3,12),(55,28,0,0,0,3,11),(56,28,0,0,0,3,10),(57,28,0,0,0,3,9),(58,28,0,0,0,3,8),(59,28,0,0,0,3,7),(60,28,0,0,0,3,6),(61,28,0,0,0,3,5),(62,28,0,0,0,3,4),(63,28,0,0,0,3,3),(64,29,0,0,0,3,38),(65,29,0,0,0,3,37),(66,29,0,0,0,3,36),(67,30,0,0,0,3,38),(68,30,0,0,0,3,37),(69,30,0,0,0,3,36),(70,31,0,0,0,3,39),(71,31,0,0,0,3,37),(72,31,0,0,0,3,35),(73,32,0,0,0,3,35);
/*!40000 ALTER TABLE `tbl_message_target` ENABLE KEYS */;
UNLOCK TABLES;

--
-- Table structure for table `tbl_organizer`
--

DROP TABLE IF EXISTS `tbl_organizer`;
/*!40101 SET @saved_cs_client     = @@character_set_client */;
/*!40101 SET character_set_client = utf8 */;
CREATE TABLE `tbl_organizer` (
  `organizer_id` int(10) unsigned NOT NULL,
  `organizer_name` varchar(255) COLLATE utf8_bin NOT NULL,
  `id` varchar(255) COLLATE utf8_bin NOT NULL,
  `password` varchar(255) COLLATE utf8_bin NOT NULL,
  `access_code` varchar(255) COLLATE utf8_bin DEFAULT NULL,
  `enable` tinyint(3) unsigned NOT NULL DEFAULT '1',
  `vertical index` int(10) unsigned DEFAULT NULL,
  PRIMARY KEY (`organizer_id`),
  UNIQUE KEY `id` (`id`),
  UNIQUE KEY `vertical index` (`vertical index`),
  KEY `enable` (`enable`),
  CONSTRAINT `tbl_organizer_ibfk_1` FOREIGN KEY (`enable`) REFERENCES `mst_boolean` (`boolean_id`)
) ENGINE=InnoDB DEFAULT CHARSET=utf8 COLLATE=utf8_bin;
/*!40101 SET character_set_client = @saved_cs_client */;

--
-- Dumping data for table `tbl_organizer`
--

LOCK TABLES `tbl_organizer` WRITE;
/*!40000 ALTER TABLE `tbl_organizer` DISABLE KEYS */;
INSERT INTO `tbl_organizer` VALUES (1,'master','9/U69xLk7zJgnKzZfjszlA==','PEGpvfzkBQiOvrAn2B3cN0b8ZhZQ5NsUSER69tvfrPc=','7selttyrs904kug69zvb',1,1),(2,'','qxHmRSsn/Lm7CBWwM3+NAg==','UmxErXRQ99ULYYg25eze6g==','xb54b130kvo1dzb4uxu7',1,2);
/*!40000 ALTER TABLE `tbl_organizer` ENABLE KEYS */;
UNLOCK TABLES;

--
-- Table structure for table `tbl_question`
--

DROP TABLE IF EXISTS `tbl_question`;
/*!40101 SET @saved_cs_client     = @@character_set_client */;
/*!40101 SET character_set_client = utf8 */;
CREATE TABLE `tbl_question` (
  `question_id` int(10) unsigned NOT NULL,
  `common_contents_id` int(10) unsigned DEFAULT NULL,
  `school_contents_id` int(10) unsigned DEFAULT NULL,
  `student_id` int(10) unsigned NOT NULL,
  `teacher_id` int(10) unsigned DEFAULT NULL,
  `text` varchar(1000) COLLATE utf8_bin NOT NULL,
  `datetime` int(10) unsigned NOT NULL,
  `enable` tinyint(3) unsigned NOT NULL,
  PRIMARY KEY (`question_id`)
) ENGINE=InnoDB DEFAULT CHARSET=utf8 COLLATE=utf8_bin;
/*!40101 SET character_set_client = @saved_cs_client */;

--
-- Dumping data for table `tbl_question`
--

LOCK TABLES `tbl_question` WRITE;
/*!40000 ALTER TABLE `tbl_question` DISABLE KEYS */;
/*!40000 ALTER TABLE `tbl_question` ENABLE KEYS */;
UNLOCK TABLES;

--
-- Table structure for table `tbl_questionnaire`
--

DROP TABLE IF EXISTS `tbl_questionnaire`;
/*!40101 SET @saved_cs_client     = @@character_set_client */;
/*!40101 SET character_set_client = utf8 */;
CREATE TABLE `tbl_questionnaire` (
  `questionnaire_id` int(10) unsigned NOT NULL AUTO_INCREMENT,
  `school_id` int(10) unsigned NOT NULL,
  `title` varchar(255) COLLATE utf8_bin NOT NULL,
  `description` varchar(255) COLLATE utf8_bin NOT NULL,
  `finished_message` varchar(255) COLLATE utf8_bin NOT NULL,
  `enable` tinyint(4) unsigned NOT NULL,
  `display_order` int(10) unsigned NOT NULL,
  `start_day` date NOT NULL,
  `last_day` date NOT NULL,
  `user_level_id` tinyint(3) unsigned NOT NULL,
  `register_user_id` int(10) unsigned NOT NULL,
  `register_datetime` datetime NOT NULL,
  `type` tinyint(4) unsigned NOT NULL,
  `bit_classroom` varchar(1000) COLLATE utf8_bin NOT NULL DEFAULT '0',
  PRIMARY KEY (`questionnaire_id`),
  KEY `school_id` (`school_id`,`display_order`),
  KEY `enable` (`enable`),
  KEY `user_level_id` (`user_level_id`,`register_user_id`),
  CONSTRAINT `tbl_questionnaire_ibfk_1` FOREIGN KEY (`school_id`) REFERENCES `tbl_school` (`school_id`),
  CONSTRAINT `tbl_questionnaire_ibfk_2` FOREIGN KEY (`enable`) REFERENCES `mst_boolean` (`boolean_id`)
) ENGINE=InnoDB AUTO_INCREMENT=22 DEFAULT CHARSET=utf8 COLLATE=utf8_bin;
/*!40101 SET character_set_client = @saved_cs_client */;

--
-- Dumping data for table `tbl_questionnaire`
--

LOCK TABLES `tbl_questionnaire` WRITE;
/*!40000 ALTER TABLE `tbl_questionnaire` DISABLE KEYS */;
INSERT INTO `tbl_questionnaire` VALUES (1,1,'Registration Questionnaire','Registration Questionnaire','',1,1,'0000-01-01','9999-12-31',0,3,'2019-06-04 06:54:59',0,'4000'),(2,1,'Registration Report ','Registration Report ','',1,2,'0000-01-01','9999-12-31',0,3,'2019-06-04 06:55:33',1,'4000'),(3,1,'1','1','',0,3,'0000-01-01','9999-12-31',0,3,'2019-06-04 06:58:18',0,'8000'),(4,1,'1','1','',0,4,'0000-01-01','9999-12-31',0,3,'2019-06-04 06:59:02',1,'8000'),(5,1,'Questionnaire','Questionnaire','aaa',1,5,'0000-01-01','9999-12-31',0,3,'2019-06-14 05:47:08',0,'4000'),(6,1,'1','1','1',1,6,'0000-01-01','9999-12-31',0,3,'2019-06-15 08:16:36',0,'8000'),(7,1,'1','1','',1,7,'0000-01-01','9999-12-31',0,3,'2019-06-15 08:17:20',1,'8000'),(8,1,'test-report','test-report','test-report',1,8,'0000-01-01','9999-12-31',0,3,'2019-06-17 07:31:42',1,'8000'),(9,1,'q  text','texttexttexttexttext','thank you',1,9,'0000-01-01','9999-12-31',0,7,'2019-06-26 06:20:53',0,'8000'),(10,1,'Test1','Test for Questionnaire','Thank you',1,10,'2019-07-09','2019-07-10',0,5,'2019-07-08 04:39:30',0,'4000'),(11,1,'Test1','Test for Report','Thank you',1,11,'2019-07-08','2019-07-09',0,5,'2019-07-08 04:45:51',1,'4000'),(12,1,'Quantum tunneling ','The questionnaire is for evaluation of the class.','Thank you.',1,12,'2019-07-23','2019-07-30',0,8,'2019-07-23 06:30:07',0,'4000'),(13,1,'Nursing Basic1','This questionnaire is for evaluation of class.','Thank you ',1,13,'2019-07-22','9999-12-31',0,11,'2019-07-23 06:30:08',0,'4000'),(14,1,'Nursing','the questionnaire for ','Thanks',1,14,'0000-01-01','9999-12-31',0,11,'2019-07-23 06:30:12',0,'4000'),(15,1,'Nursing basic 1','The questionaire is for evaluation of class','Thank you',1,15,'2019-07-22','9999-12-31',0,8,'2019-07-23 06:30:12',0,'4000'),(16,1,'NURSING','WHAT DO YOU MEAN BY NURSING','THANK YOU',1,16,'2019-07-23','9999-12-31',0,5,'2019-07-23 06:30:19',0,'4000'),(17,1,'Final report ','tihs report is for iiiiiii','thank you ',1,17,'2019-07-22','9999-12-31',0,11,'2019-07-23 06:32:02',1,'4000'),(18,1,'Final report','this report is foriiii','',1,18,'2019-07-22','9999-12-31',0,8,'2019-07-23 06:32:06',1,'4000'),(19,1,'Report on Black Holes','How can you understand the gravitational field from black holes?','Live long and prosper',1,19,'2019-07-15','2019-07-30',0,8,'2019-07-23 06:32:11',1,'4000'),(20,1,'Final report','Electrolyte Imbalance','',1,20,'0000-01-01','9999-12-31',0,11,'2019-07-23 06:32:15',1,'4000'),(21,1,'CHEST DRAINAGE CARE','HEAMOTHORAX','THANK YOIU',1,21,'0000-01-01','9999-12-31',0,5,'2019-07-23 06:32:56',1,'4000');
/*!40000 ALTER TABLE `tbl_questionnaire` ENABLE KEYS */;
UNLOCK TABLES;

--
-- Table structure for table `tbl_questionnaire_answer`
--

DROP TABLE IF EXISTS `tbl_questionnaire_answer`;
/*!40101 SET @saved_cs_client     = @@character_set_client */;
/*!40101 SET character_set_client = utf8 */;
CREATE TABLE `tbl_questionnaire_answer` (
  `answer_id` int(10) unsigned NOT NULL AUTO_INCREMENT,
  `questionnaire_id` int(10) unsigned NOT NULL,
  `student_id` int(10) unsigned NOT NULL,
  `answer_datetime` datetime NOT NULL,
  `enable` tinyint(4) unsigned NOT NULL,
  PRIMARY KEY (`answer_id`),
  KEY `student_id` (`student_id`),
  KEY `questionnaire_id` (`questionnaire_id`),
  KEY `tbl_questionnaire_student_answer_ibfk_3` (`enable`)
) ENGINE=InnoDB AUTO_INCREMENT=13 DEFAULT CHARSET=utf8 COLLATE=utf8_bin;
/*!40101 SET character_set_client = @saved_cs_client */;

--
-- Dumping data for table `tbl_questionnaire_answer`
--

LOCK TABLES `tbl_questionnaire_answer` WRITE;
/*!40000 ALTER TABLE `tbl_questionnaire_answer` DISABLE KEYS */;
INSERT INTO `tbl_questionnaire_answer` VALUES (1,4,3,'2019-06-04 07:04:32',1),(2,3,3,'2019-06-04 07:04:50',1),(3,4,4,'2019-06-07 07:06:43',1),(4,3,4,'2019-06-07 07:06:59',1),(5,1,3,'2019-06-14 06:49:23',1),(6,7,3,'2019-06-15 08:19:35',1),(7,6,3,'2019-06-15 08:20:14',1),(8,8,3,'2019-06-18 05:20:11',1),(9,9,3,'2019-06-26 06:23:39',1),(10,9,3,'2019-06-26 06:23:39',1),(11,9,3,'2019-06-26 06:23:40',1),(12,9,3,'2019-06-26 06:23:40',1);
/*!40000 ALTER TABLE `tbl_questionnaire_answer` ENABLE KEYS */;
UNLOCK TABLES;

--
-- Table structure for table `tbl_questionnaire_answer_query`
--

DROP TABLE IF EXISTS `tbl_questionnaire_answer_query`;
/*!40101 SET @saved_cs_client     = @@character_set_client */;
/*!40101 SET character_set_client = utf8 */;
CREATE TABLE `tbl_questionnaire_answer_query` (
  `answer_query_id` int(10) unsigned NOT NULL AUTO_INCREMENT,
  `answer_id` int(10) unsigned NOT NULL,
  `query_id` int(10) unsigned NOT NULL,
  `query_type` tinyint(4) unsigned NOT NULL,
  PRIMARY KEY (`answer_query_id`),
  KEY `student_answer_id` (`answer_id`),
  KEY `query_type` (`query_type`),
  KEY `questionnaire_query_id` (`query_id`)
) ENGINE=InnoDB AUTO_INCREMENT=30 DEFAULT CHARSET=utf8 COLLATE=utf8_bin;
/*!40101 SET character_set_client = @saved_cs_client */;

--
-- Dumping data for table `tbl_questionnaire_answer_query`
--

LOCK TABLES `tbl_questionnaire_answer_query` WRITE;
/*!40000 ALTER TABLE `tbl_questionnaire_answer_query` DISABLE KEYS */;
INSERT INTO `tbl_questionnaire_answer_query` VALUES (1,1,7,2),(2,1,8,0),(3,2,5,2),(4,2,6,0),(5,3,7,2),(6,3,8,0),(7,4,5,2),(8,4,6,0),(9,5,0,0),(10,6,19,2),(11,6,20,0),(12,6,21,1),(13,6,22,3),(14,7,15,2),(15,7,16,0),(16,7,17,1),(17,7,18,3),(18,8,23,2),(19,8,24,1),(20,9,25,0),(21,10,25,0),(22,10,26,0),(23,11,25,0),(24,11,26,0),(25,11,27,2),(26,12,25,0),(27,12,26,0),(28,12,27,2),(29,12,28,3);
/*!40000 ALTER TABLE `tbl_questionnaire_answer_query` ENABLE KEYS */;
UNLOCK TABLES;

--
-- Table structure for table `tbl_questionnaire_answer_query_length`
--

DROP TABLE IF EXISTS `tbl_questionnaire_answer_query_length`;
/*!40101 SET @saved_cs_client     = @@character_set_client */;
/*!40101 SET character_set_client = utf8 */;
CREATE TABLE `tbl_questionnaire_answer_query_length` (
  `answer_query_id` int(10) unsigned NOT NULL,
  `length` mediumint(6) NOT NULL
) ENGINE=InnoDB DEFAULT CHARSET=utf8;
/*!40101 SET character_set_client = @saved_cs_client */;

--
-- Dumping data for table `tbl_questionnaire_answer_query_length`
--

LOCK TABLES `tbl_questionnaire_answer_query_length` WRITE;
/*!40000 ALTER TABLE `tbl_questionnaire_answer_query_length` DISABLE KEYS */;
INSERT INTO `tbl_questionnaire_answer_query_length` VALUES (13,3),(17,3),(29,1);
/*!40000 ALTER TABLE `tbl_questionnaire_answer_query_length` ENABLE KEYS */;
UNLOCK TABLES;

--
-- Table structure for table `tbl_questionnaire_answer_query_multiple_choice`
--

DROP TABLE IF EXISTS `tbl_questionnaire_answer_query_multiple_choice`;
/*!40101 SET @saved_cs_client     = @@character_set_client */;
/*!40101 SET character_set_client = utf8 */;
CREATE TABLE `tbl_questionnaire_answer_query_multiple_choice` (
  `answer_query_id` int(10) unsigned NOT NULL,
  `choices_id` int(10) unsigned NOT NULL
) ENGINE=InnoDB DEFAULT CHARSET=utf8 COLLATE=utf8_bin;
/*!40101 SET character_set_client = @saved_cs_client */;

--
-- Dumping data for table `tbl_questionnaire_answer_query_multiple_choice`
--

LOCK TABLES `tbl_questionnaire_answer_query_multiple_choice` WRITE;
/*!40000 ALTER TABLE `tbl_questionnaire_answer_query_multiple_choice` DISABLE KEYS */;
INSERT INTO `tbl_questionnaire_answer_query_multiple_choice` VALUES (12,17),(12,18),(16,13),(19,19);
/*!40000 ALTER TABLE `tbl_questionnaire_answer_query_multiple_choice` ENABLE KEYS */;
UNLOCK TABLES;

--
-- Table structure for table `tbl_questionnaire_answer_query_single_choice`
--

DROP TABLE IF EXISTS `tbl_questionnaire_answer_query_single_choice`;
/*!40101 SET @saved_cs_client     = @@character_set_client */;
/*!40101 SET character_set_client = utf8 */;
CREATE TABLE `tbl_questionnaire_answer_query_single_choice` (
  `answer_query_id` int(10) unsigned NOT NULL,
  `choice_id` int(10) unsigned NOT NULL
) ENGINE=InnoDB DEFAULT CHARSET=utf8 COLLATE=utf8_bin;
/*!40101 SET character_set_client = @saved_cs_client */;

--
-- Dumping data for table `tbl_questionnaire_answer_query_single_choice`
--

LOCK TABLES `tbl_questionnaire_answer_query_single_choice` WRITE;
/*!40000 ALTER TABLE `tbl_questionnaire_answer_query_single_choice` DISABLE KEYS */;
INSERT INTO `tbl_questionnaire_answer_query_single_choice` VALUES (2,7),(4,6),(6,7),(8,5),(9,0),(11,15),(15,11),(20,21),(21,21),(22,24),(23,21),(24,24),(26,21),(27,24);
/*!40000 ALTER TABLE `tbl_questionnaire_answer_query_single_choice` ENABLE KEYS */;
UNLOCK TABLES;

--
-- Table structure for table `tbl_questionnaire_answer_query_text`
--

DROP TABLE IF EXISTS `tbl_questionnaire_answer_query_text`;
/*!40101 SET @saved_cs_client     = @@character_set_client */;
/*!40101 SET character_set_client = utf8 */;
CREATE TABLE `tbl_questionnaire_answer_query_text` (
  `answer_query_id` int(10) unsigned NOT NULL,
  `text` varchar(2000) COLLATE utf8_bin NOT NULL
) ENGINE=InnoDB DEFAULT CHARSET=utf8 COLLATE=utf8_bin;
/*!40101 SET character_set_client = @saved_cs_client */;

--
-- Dumping data for table `tbl_questionnaire_answer_query_text`
--

LOCK TABLES `tbl_questionnaire_answer_query_text` WRITE;
/*!40000 ALTER TABLE `tbl_questionnaire_answer_query_text` DISABLE KEYS */;
/*!40000 ALTER TABLE `tbl_questionnaire_answer_query_text` ENABLE KEYS */;
UNLOCK TABLES;

--
-- Table structure for table `tbl_questionnaire_answer_query_word`
--

DROP TABLE IF EXISTS `tbl_questionnaire_answer_query_word`;
/*!40101 SET @saved_cs_client     = @@character_set_client */;
/*!40101 SET character_set_client = utf8 */;
CREATE TABLE `tbl_questionnaire_answer_query_word` (
  `answer_query_id` int(10) unsigned NOT NULL,
  `word` varchar(1400) COLLATE utf8_bin NOT NULL
) ENGINE=InnoDB DEFAULT CHARSET=utf8 COLLATE=utf8_bin;
/*!40101 SET character_set_client = @saved_cs_client */;

--
-- Dumping data for table `tbl_questionnaire_answer_query_word`
--

LOCK TABLES `tbl_questionnaire_answer_query_word` WRITE;
/*!40000 ALTER TABLE `tbl_questionnaire_answer_query_word` DISABLE KEYS */;
INSERT INTO `tbl_questionnaire_answer_query_word` VALUES (1,''),(3,''),(5,''),(7,''),(10,'5555'),(14,'888'),(18,'555'),(25,'texttexttexttexttext'),(28,'texttexttexttexttext');
/*!40000 ALTER TABLE `tbl_questionnaire_answer_query_word` ENABLE KEYS */;
UNLOCK TABLES;

--
-- Table structure for table `tbl_questionnaire_query`
--

DROP TABLE IF EXISTS `tbl_questionnaire_query`;
/*!40101 SET @saved_cs_client     = @@character_set_client */;
/*!40101 SET character_set_client = utf8 */;
CREATE TABLE `tbl_questionnaire_query` (
  `query_id` int(10) unsigned NOT NULL AUTO_INCREMENT,
  `questionnaire_id` int(10) unsigned NOT NULL,
  `query` varchar(255) COLLATE utf8_bin NOT NULL,
  `query_type` tinyint(4) unsigned NOT NULL,
  `flg_query_must` tinyint(4) unsigned NOT NULL,
  `display_order` int(10) unsigned NOT NULL,
  `enable` tinyint(4) unsigned NOT NULL,
  PRIMARY KEY (`query_id`),
  KEY `questionnaire_id` (`questionnaire_id`,`display_order`,`enable`),
  KEY `query_type` (`query_type`),
  KEY `enable` (`enable`)
) ENGINE=InnoDB AUTO_INCREMENT=41 DEFAULT CHARSET=utf8 COLLATE=utf8_bin;
/*!40101 SET character_set_client = @saved_cs_client */;

--
-- Dumping data for table `tbl_questionnaire_query`
--

LOCK TABLES `tbl_questionnaire_query` WRITE;
/*!40000 ALTER TABLE `tbl_questionnaire_query` DISABLE KEYS */;
INSERT INTO `tbl_questionnaire_query` VALUES (1,1,'1',2,0,1,1),(2,1,'1',0,0,2,1),(5,3,'1',2,0,5,1),(6,3,'1',0,0,6,1),(7,4,'1',2,0,7,1),(8,4,'1',0,0,8,1),(12,5,'aaa',2,0,9,1),(13,2,'Registration Report 1',2,0,10,1),(14,2,'Registration Report 2',0,0,11,1),(15,6,'1',2,0,12,1),(16,6,'1',0,0,13,1),(17,6,'1',1,0,14,1),(18,6,'1',3,0,15,1),(19,7,'1',2,0,16,1),(20,7,'1',0,0,17,1),(21,7,'1',1,0,18,1),(22,7,'1',3,0,19,1),(23,8,'test-report',2,0,20,1),(24,8,'test-report',1,0,21,1),(25,9,'Q1',0,0,22,1),(26,9,'Q2',0,0,23,1),(27,9,'Q3',2,0,24,1),(28,9,'text',3,0,25,1),(29,10,'Test Test Test',2,0,26,1),(30,11,'Test for report',2,0,27,1),(31,12,'Do you like my content',0,0,28,1),(32,13,'Do you like my video contents?',0,0,29,1),(33,14,'do you know about the backbone',0,0,30,1),(34,15,'Do you like my video contents?',0,0,31,1),(35,16,'WHAT IS NURSING',2,0,32,1),(36,17,'Please write down effectiveness of ',2,0,33,1),(37,18,'Please write down effectiveness of',2,0,34,1),(38,19,'Write about black holes',2,0,35,1),(39,20,'within 300 sentence',2,0,36,1),(40,21,'',2,0,37,1);
/*!40000 ALTER TABLE `tbl_questionnaire_query` ENABLE KEYS */;
UNLOCK TABLES;

--
-- Table structure for table `tbl_questionnaire_query_choices`
--

DROP TABLE IF EXISTS `tbl_questionnaire_query_choices`;
/*!40101 SET @saved_cs_client     = @@character_set_client */;
/*!40101 SET character_set_client = utf8 */;
CREATE TABLE `tbl_questionnaire_query_choices` (
  `choices_id` int(10) unsigned NOT NULL AUTO_INCREMENT,
  `query_id` int(10) unsigned NOT NULL,
  `text` varchar(1000) COLLATE utf8_bin NOT NULL,
  PRIMARY KEY (`choices_id`),
  KEY `query_id` (`query_id`)
) ENGINE=InnoDB AUTO_INCREMENT=34 DEFAULT CHARSET=utf8 COLLATE=utf8_bin;
/*!40101 SET character_set_client = @saved_cs_client */;

--
-- Dumping data for table `tbl_questionnaire_query_choices`
--

LOCK TABLES `tbl_questionnaire_query_choices` WRITE;
/*!40000 ALTER TABLE `tbl_questionnaire_query_choices` DISABLE KEYS */;
INSERT INTO `tbl_questionnaire_query_choices` VALUES (1,2,'aaa'),(2,2,'bbb'),(5,6,''),(6,6,''),(7,8,''),(8,8,''),(9,14,'aaa'),(10,14,'bbb'),(11,16,'1'),(12,16,'1'),(13,17,'1'),(14,17,'1'),(15,20,'1'),(16,20,'1'),(17,21,'1'),(18,21,'1'),(19,24,'test-report'),(20,24,'test-report'),(21,25,'111'),(22,25,'222'),(23,26,'aaa'),(24,26,'sss'),(25,26,'ccc'),(26,31,'Yes'),(27,31,'No'),(28,32,'Yes'),(29,32,'No'),(30,33,'Yes'),(31,33,'No'),(32,34,'Yes'),(33,34,'No');
/*!40000 ALTER TABLE `tbl_questionnaire_query_choices` ENABLE KEYS */;
UNLOCK TABLES;

--
-- Table structure for table `tbl_questionnaire_query_length`
--

DROP TABLE IF EXISTS `tbl_questionnaire_query_length`;
/*!40101 SET @saved_cs_client     = @@character_set_client */;
/*!40101 SET character_set_client = utf8 */;
CREATE TABLE `tbl_questionnaire_query_length` (
  `length_id` int(10) NOT NULL AUTO_INCREMENT,
  `query_id` int(10) unsigned NOT NULL,
  `min_label` varchar(56) NOT NULL,
  `max_label` varchar(56) NOT NULL,
  `min_limit` int(10) NOT NULL,
  `max_limit` int(10) NOT NULL,
  `step` int(10) NOT NULL,
  PRIMARY KEY (`length_id`),
  KEY `tbl_questionnaire_query_length_ibfk_1` (`query_id`)
) ENGINE=InnoDB AUTO_INCREMENT=4 DEFAULT CHARSET=utf8;
/*!40101 SET character_set_client = @saved_cs_client */;

--
-- Dumping data for table `tbl_questionnaire_query_length`
--

LOCK TABLES `tbl_questionnaire_query_length` WRITE;
/*!40000 ALTER TABLE `tbl_questionnaire_query_length` DISABLE KEYS */;
INSERT INTO `tbl_questionnaire_query_length` VALUES (1,18,'','',1,5,1),(2,22,'','',1,5,1),(3,28,'like ','dislike',1,5,1);
/*!40000 ALTER TABLE `tbl_questionnaire_query_length` ENABLE KEYS */;
UNLOCK TABLES;

--
-- Table structure for table `tbl_questionnaire_target_access_restriction`
--

DROP TABLE IF EXISTS `tbl_questionnaire_target_access_restriction`;
/*!40101 SET @saved_cs_client     = @@character_set_client */;
/*!40101 SET character_set_client = utf8 */;
CREATE TABLE `tbl_questionnaire_target_access_restriction` (
  `questionnaire_target_id` int(10) unsigned NOT NULL COMMENT '',
  `questionnaire_id` int(10) unsigned NOT NULL COMMENT '',
  `grade_id` int(10) unsigned DEFAULT NULL COMMENT '',
  `classroom_id` int(10) unsigned DEFAULT NULL COMMENT '',
  `course_id` int(10) unsigned DEFAULT NULL COMMENT '',
  PRIMARY KEY (`questionnaire_target_id`),
  KEY `grade_id` (`grade_id`),
  KEY `classroom_id` (`classroom_id`),
  KEY `course_id` (`course_id`),
  KEY `cbt_id_UNIQUE` (`questionnaire_id`)
) ENGINE=InnoDB DEFAULT CHARSET=utf8 COMMENT='';
/*!40101 SET character_set_client = @saved_cs_client */;

--
-- Dumping data for table `tbl_questionnaire_target_access_restriction`
--

LOCK TABLES `tbl_questionnaire_target_access_restriction` WRITE;
/*!40000 ALTER TABLE `tbl_questionnaire_target_access_restriction` DISABLE KEYS */;
/*!40000 ALTER TABLE `tbl_questionnaire_target_access_restriction` ENABLE KEYS */;
UNLOCK TABLES;

--
-- Table structure for table `tbl_questionnaire_target_range_common`
--

DROP TABLE IF EXISTS `tbl_questionnaire_target_range_common`;
/*!40101 SET @saved_cs_client     = @@character_set_client */;
/*!40101 SET character_set_client = utf8 */;
CREATE TABLE `tbl_questionnaire_target_range_common` (
  `questionnaire_common_target_range_id` int(10) unsigned NOT NULL,
  `questionnaire_id` int(10) unsigned NOT NULL,
  `contents_category_id` tinyint(4) unsigned NOT NULL,
  `common_subject_id` int(10) unsigned NOT NULL,
  `common_subject_section_id` int(10) unsigned DEFAULT NULL,
  PRIMARY KEY (`questionnaire_common_target_range_id`),
  KEY `questionnaire_id` (`questionnaire_id`),
  KEY `contents_category_id` (`contents_category_id`),
  KEY `common_subject_id` (`common_subject_id`),
  KEY `common_subject_section_id` (`common_subject_section_id`)
) ENGINE=InnoDB DEFAULT CHARSET=utf8 COLLATE=utf8_bin;
/*!40101 SET character_set_client = @saved_cs_client */;

--
-- Dumping data for table `tbl_questionnaire_target_range_common`
--

LOCK TABLES `tbl_questionnaire_target_range_common` WRITE;
/*!40000 ALTER TABLE `tbl_questionnaire_target_range_common` DISABLE KEYS */;
/*!40000 ALTER TABLE `tbl_questionnaire_target_range_common` ENABLE KEYS */;
UNLOCK TABLES;

--
-- Table structure for table `tbl_questionnaire_target_range_school`
--

DROP TABLE IF EXISTS `tbl_questionnaire_target_range_school`;
/*!40101 SET @saved_cs_client     = @@character_set_client */;
/*!40101 SET character_set_client = utf8 */;
CREATE TABLE `tbl_questionnaire_target_range_school` (
  `questionnaire_school_target_range_id` int(10) unsigned NOT NULL,
  `questionnaire_id` int(10) unsigned NOT NULL,
  `contents_category_id` tinyint(4) unsigned NOT NULL,
  `subject_genre_id` int(10) unsigned NOT NULL,
  `subject_section_id` int(10) unsigned DEFAULT NULL,
  PRIMARY KEY (`questionnaire_school_target_range_id`),
  KEY `questionnaire_id` (`questionnaire_id`),
  KEY `contents_category_id` (`contents_category_id`),
  KEY `subject_id` (`subject_genre_id`),
  KEY `subject_section_id` (`subject_section_id`)
) ENGINE=InnoDB DEFAULT CHARSET=utf8 COLLATE=utf8_bin;
/*!40101 SET character_set_client = @saved_cs_client */;

--
-- Dumping data for table `tbl_questionnaire_target_range_school`
--

LOCK TABLES `tbl_questionnaire_target_range_school` WRITE;
/*!40000 ALTER TABLE `tbl_questionnaire_target_range_school` DISABLE KEYS */;
/*!40000 ALTER TABLE `tbl_questionnaire_target_range_school` ENABLE KEYS */;
UNLOCK TABLES;

--
-- Table structure for table `tbl_quiz`
--

DROP TABLE IF EXISTS `tbl_quiz`;
/*!40101 SET @saved_cs_client     = @@character_set_client */;
/*!40101 SET character_set_client = utf8 */;
CREATE TABLE `tbl_quiz` (
  `quiz_id` int(10) unsigned NOT NULL AUTO_INCREMENT COMMENT '',
  `school_id` int(10) unsigned NOT NULL COMMENT '',
  `title` varchar(255) NOT NULL COMMENT '',
  `description` varchar(255) NOT NULL COMMENT '',
  `qualifying_score` tinyint(3) unsigned NOT NULL DEFAULT '0' COMMENT '',
  `finished_message` varchar(255) NOT NULL DEFAULT 'Thank you very much.' COMMENT '',
  `enable` tinyint(4) unsigned NOT NULL DEFAULT '0' COMMENT '',
  `display_order` int(10) unsigned NOT NULL DEFAULT '0' COMMENT '',
  `start_day` date NOT NULL COMMENT '',
  `last_day` date NOT NULL COMMENT '',
  `register_datetime` datetime NOT NULL COMMENT '',
  `limit_time` int(10) unsigned NOT NULL DEFAULT '10' COMMENT '()0',
  `time_limit_flag` tinyint(3) unsigned NOT NULL DEFAULT '1' COMMENT '',
  `contents_category_id` tinyint(3) unsigned NOT NULL DEFAULT '1' COMMENT '()',
  `subject_section_id` int(10) unsigned DEFAULT NULL COMMENT 'ID',
  `repeat_challenge` tinyint(4) unsigned NOT NULL DEFAULT '1' COMMENT '',
  `answer_flg` tinyint(4) unsigned NOT NULL DEFAULT '1' COMMENT '',
  `explain_flg` tinyint(4) unsigned NOT NULL DEFAULT '1' COMMENT '',
  `average_flg` tinyint(4) unsigned NOT NULL DEFAULT '1' COMMENT '',
  `rank_flg` tinyint(4) unsigned NOT NULL DEFAULT '1' COMMENT '',
  `student_answer_flg` tinyint(4) unsigned NOT NULL DEFAULT '1' COMMENT '',
  `answer_rate_flg` tinyint(4) unsigned NOT NULL DEFAULT '1' COMMENT '',
  `success_flg` tinyint(4) unsigned NOT NULL DEFAULT '1' COMMENT '',
  `relations_quiz_flg` tinyint(4) unsigned NOT NULL DEFAULT '1' COMMENT '',
  `deviation_flg` tinyint(4) unsigned NOT NULL DEFAULT '1' COMMENT '',
  `correct_flg` tinyint(4) unsigned NOT NULL DEFAULT '1' COMMENT '',
  `user_level_id` tinyint(3) unsigned NOT NULL DEFAULT '0' COMMENT '0: ',
  `register_id` int(10) unsigned NOT NULL COMMENT 'ID',
  `bit_classroom` varchar(1000) NOT NULL DEFAULT '0',
  PRIMARY KEY (`quiz_id`)
) ENGINE=InnoDB AUTO_INCREMENT=51 DEFAULT CHARSET=utf8;
/*!40101 SET character_set_client = @saved_cs_client */;

--
-- Dumping data for table `tbl_quiz`
--

LOCK TABLES `tbl_quiz` WRITE;
/*!40000 ALTER TABLE `tbl_quiz` DISABLE KEYS */;
INSERT INTO `tbl_quiz` VALUES (1,1,'Test registration','Test registration',0,'Thank you for your work.',1,0,'0000-01-01','9999-12-31','2019-06-17 07:33:35',10,1,1,NULL,1,1,1,1,1,1,1,0,1,1,1,0,3,'4000'),(2,1,'1','1',0,'Thank you very much.',0,0,'2019-06-13','9999-12-31','2019-06-04 06:57:47',10,1,1,NULL,1,1,1,1,1,1,1,0,1,1,1,0,3,'8000'),(3,1,'1-abc','1',0,'Thank you very much.',0,0,'2019-06-13','9999-12-31','2019-06-06 10:34:38',10,1,1,NULL,0,1,1,1,1,1,1,0,1,1,1,0,3,'8000'),(4,1,'','',0,'Thank you very much.',0,0,'2019-06-13','9999-12-31','0000-00-00 00:00:00',10,1,1,NULL,1,1,1,1,1,1,1,1,1,1,1,0,3,'4000'),(5,1,'111','',0,'Thank you very much.',0,0,'2019-06-13','9999-12-31','0000-00-00 00:00:00',10,1,1,NULL,1,1,1,1,1,1,1,0,1,1,1,0,3,'4000'),(6,1,'','',0,'Thank you very much.',0,0,'2019-06-13','9999-12-31','0000-00-00 00:00:00',10,1,1,NULL,1,1,1,1,1,1,1,1,1,1,1,0,3,'10000'),(7,1,'','',0,'Thank you very much.',0,0,'2019-06-13','9999-12-31','0000-00-00 00:00:00',10,1,1,NULL,1,1,1,1,1,1,1,1,1,1,1,0,3,'8000'),(8,1,'','',0,'Thank you very much.',0,0,'2019-06-13','9999-12-31','0000-00-00 00:00:00',10,1,1,NULL,1,1,1,1,1,1,1,1,1,1,1,0,3,'8000'),(9,1,'1','1',0,'Thank you very much.',0,0,'0000-01-01','9999-12-31','2019-06-15 07:27:23',10,1,1,NULL,1,1,1,1,1,1,1,0,1,1,1,0,3,'8000'),(10,1,'','',0,'Thank you very much.',0,0,'0000-01-01','9999-12-31','0000-00-00 00:00:00',10,1,1,NULL,1,1,1,1,1,1,1,1,1,1,1,0,3,'8000'),(11,1,'','',0,'Thank you very much.',0,0,'0000-01-01','9999-12-31','0000-00-00 00:00:00',10,1,1,NULL,1,1,1,1,1,1,1,1,1,1,1,0,3,'8000'),(12,1,'','',0,'Thank you very much.',0,0,'0000-01-01','9999-12-31','0000-00-00 00:00:00',10,1,1,NULL,1,1,1,1,1,1,1,1,1,1,1,0,3,'8000'),(13,1,'','',0,'Thank you very much.',0,0,'0000-01-01','9999-12-31','0000-00-00 00:00:00',10,1,1,NULL,1,1,1,1,1,1,1,1,1,1,1,0,3,'8000'),(14,1,'test1','test1',0,'Thank you very much.',0,0,'2019-06-15','2019-06-15','2019-06-15 07:51:03',10,1,1,NULL,1,1,1,1,1,1,1,0,1,1,1,0,3,'8000'),(15,1,'test','test',0,'Thank you very much.',0,0,'0000-01-01','9999-12-31','2019-06-15 08:01:31',10,1,1,NULL,0,1,1,1,1,1,1,0,1,1,1,0,3,'8000'),(16,1,'test2','test2',0,'Thank you very much.',0,0,'0000-01-01','9999-12-31','2019-06-15 08:07:02',10,1,1,NULL,0,1,1,1,1,1,1,0,1,1,1,0,3,'8000'),(17,1,'','',0,'Thank you very much.',0,0,'0000-01-01','9999-12-31','0000-00-00 00:00:00',10,1,1,NULL,1,1,1,1,1,1,1,1,1,1,1,0,3,'0-0-0-100'),(18,1,'Sample test','go for it!',0,'Thank you.',0,0,'0000-01-01','9999-12-31','0000-00-00 00:00:00',10,1,1,NULL,1,1,1,1,1,1,1,0,1,1,1,0,3,'0-0-0-100'),(19,1,'1','1',0,'Thank you very much.',1,0,'0000-01-01','9999-12-31','2019-06-15 08:15:42',10,1,1,NULL,0,1,1,1,1,1,1,0,1,1,1,0,3,'8000'),(20,1,'','',0,'Thank you very much.',0,0,'0000-01-01','9999-12-31','0000-00-00 00:00:00',10,1,1,NULL,1,1,1,1,1,1,1,0,1,1,1,0,3,'4000'),(21,1,'','',0,'Thank you very much.',0,0,'0000-01-01','9999-12-31','0000-00-00 00:00:00',10,1,1,NULL,1,1,1,1,1,1,1,1,1,1,1,0,3,'4000'),(22,1,'','',0,'Thank you very much.',0,0,'0000-01-01','9999-12-31','0000-00-00 00:00:00',10,1,1,NULL,1,1,1,1,1,1,1,1,1,1,1,0,5,'0-0-0-100'),(23,1,'','',0,'Thank you very much.',0,0,'0000-01-01','9999-12-31','0000-00-00 00:00:00',10,1,1,NULL,1,1,1,1,1,1,1,1,1,1,1,0,5,'0-0-0-100'),(24,1,'','',0,'Thank you very much.',0,0,'0000-01-01','9999-12-31','0000-00-00 00:00:00',10,1,1,NULL,1,1,1,1,1,1,1,1,1,1,1,0,5,'0-0-0-100'),(25,1,'','',0,'Thank you very much.',0,0,'0000-01-01','9999-12-31','0000-00-00 00:00:00',10,1,1,NULL,1,1,1,1,1,1,1,1,1,1,1,0,5,'0-0-0-100'),(26,1,'sample test','',0,'Thank you very much.',1,0,'0000-01-01','9999-12-31','2019-06-26 06:14:37',10,1,1,NULL,1,1,1,1,1,1,1,0,1,1,1,0,7,'8000'),(27,1,'','',0,'Thank you very much.',0,0,'0000-01-01','9999-12-31','0000-00-00 00:00:00',10,1,1,NULL,1,1,1,1,1,1,1,0,1,1,1,0,5,'8000'),(28,1,'Test1','Test for test registration',0,'Thank you very much.',1,0,'2019-07-08','2019-07-10','2019-07-08 04:31:20',10,1,1,NULL,1,1,1,1,1,1,1,0,1,1,1,0,5,'4000'),(29,1,'test','test',0,'Thank you very much.',0,0,'0000-01-01','9999-12-31','0000-00-00 00:00:00',10,1,1,NULL,1,1,1,1,1,1,1,0,1,1,1,0,14,'4000'),(30,1,'','',0,'Thank you very much.',0,0,'0000-01-01','9999-12-31','0000-00-00 00:00:00',10,1,1,NULL,1,1,1,1,1,1,1,1,1,1,1,0,5,'4000'),(31,1,'test','test',0,'Thank you very much.',0,0,'2019-07-15','9999-12-31','0000-00-00 00:00:00',10,1,1,NULL,1,1,1,1,1,1,1,0,1,1,1,0,5,'4000'),(32,1,'','',0,'Thank you very much.',0,0,'0000-01-01','9999-12-31','0000-00-00 00:00:00',10,1,1,NULL,1,1,1,1,1,1,1,1,1,1,1,0,5,'4000'),(33,1,'','',0,'Thank you very much.',0,0,'0000-01-01','9999-12-31','0000-00-00 00:00:00',10,1,1,NULL,1,1,1,1,1,1,1,1,1,1,1,0,3,'4000'),(34,1,'','',0,'Thank you very much.',0,0,'0000-01-01','9999-12-31','0000-00-00 00:00:00',10,1,1,NULL,1,1,1,1,1,1,1,1,1,1,1,0,3,'4000'),(35,1,'','',0,'Thank you very much.',0,0,'0000-01-01','9999-12-31','0000-00-00 00:00:00',10,1,1,NULL,1,1,1,1,1,1,1,1,1,1,1,0,3,'4000'),(36,1,'','',0,'Thank you very much.',0,0,'0000-01-01','9999-12-31','0000-00-00 00:00:00',10,1,1,NULL,1,1,1,1,1,1,1,1,1,1,1,0,3,'10000'),(37,1,'','',0,'Thank you very much.',0,0,'0000-01-01','9999-12-31','0000-00-00 00:00:00',10,1,1,NULL,1,1,1,1,1,1,1,1,1,1,1,0,3,'4000'),(38,1,'','',0,'Thank you very much.',0,0,'0000-01-01','9999-12-31','0000-00-00 00:00:00',10,1,1,NULL,1,1,1,1,1,1,1,1,1,1,1,0,3,'4000'),(39,1,'','',0,'Thank you very much.',0,0,'0000-01-01','9999-12-31','0000-00-00 00:00:00',10,1,1,NULL,1,1,1,1,1,1,1,1,1,1,1,0,3,'4000'),(40,1,'','',0,'Thank you very much.',0,0,'0000-01-01','9999-12-31','0000-00-00 00:00:00',10,1,1,NULL,1,1,1,1,1,1,1,1,1,1,1,0,14,'8000'),(41,1,'','',0,'Thank you very much.',0,0,'0000-01-01','9999-12-31','0000-00-00 00:00:00',10,1,1,NULL,1,1,1,1,1,1,1,1,1,1,1,0,11,'4000'),(42,1,'','',0,'Thank you very much.',0,0,'0000-01-01','9999-12-31','0000-00-00 00:00:00',10,1,1,NULL,1,1,1,1,1,1,1,1,1,1,1,0,8,'4000'),(43,1,'Small Test 1','This test is for movie contents of nursing basics 3',70,'Thank you very much.',1,0,'2019-07-23','9999-12-31','2019-07-23 06:23:05',10,1,1,NULL,2,1,1,1,1,1,1,1,1,1,1,0,8,'4000'),(44,1,'Small test1','This test is for movie contents of Nursing Basic 1',0,'Thank you very much.',1,0,'2019-07-22','9999-12-31','2019-07-23 06:23:02',10,1,1,NULL,1,1,1,0,1,1,1,0,1,1,0,0,11,'4000'),(45,1,'test 1','this test is for movie content of nursing basic 1',0,'Thank you very much.',0,0,'2019-07-22','2019-07-24','0000-00-00 00:00:00',10,1,1,NULL,1,1,1,1,1,1,1,0,1,1,1,0,8,'4000'),(46,1,'urinary C','This test for ',0,'Thank you very much.',1,0,'0000-01-01','9999-12-31','2019-07-23 06:23:12',10,1,1,NULL,1,1,1,1,1,1,1,0,1,1,1,0,11,'4000'),(47,1,'','',0,'Thank you very much.',0,0,'0000-01-01','9999-12-31','0000-00-00 00:00:00',10,1,1,NULL,1,1,1,1,1,1,1,0,1,1,1,0,8,'4000'),(48,1,'WERGHH','ERTRT',0,'Thank you very much.',1,0,'2019-07-23','9999-12-31','2019-07-23 06:23:22',10,1,1,NULL,1,1,1,1,1,1,1,0,1,1,1,0,5,'4000'),(49,1,'','',0,'Thank you very much.',0,0,'0000-01-01','9999-12-31','0000-00-00 00:00:00',10,1,1,NULL,1,1,1,1,1,1,1,1,1,1,1,0,11,'4000'),(50,1,'','',0,'Thank you very much.',0,0,'0000-01-01','9999-12-31','0000-00-00 00:00:00',10,1,1,NULL,1,1,1,1,1,1,1,1,1,1,1,0,6,'4000');
/*!40000 ALTER TABLE `tbl_quiz` ENABLE KEYS */;
UNLOCK TABLES;

--
-- Table structure for table `tbl_quiz_answer`
--

DROP TABLE IF EXISTS `tbl_quiz_answer`;
/*!40101 SET @saved_cs_client     = @@character_set_client */;
/*!40101 SET character_set_client = utf8 */;
CREATE TABLE `tbl_quiz_answer` (
  `answer_id` int(10) unsigned NOT NULL AUTO_INCREMENT COMMENT '',
  `quiz_id` int(10) unsigned NOT NULL COMMENT '',
  `school_id` int(10) unsigned NOT NULL COMMENT '',
  `student_id` int(10) unsigned NOT NULL COMMENT '',
  `register_datetime` datetime NOT NULL COMMENT '',
  `answer_time` int(10) unsigned NOT NULL DEFAULT '0' COMMENT '',
  `total_score` int(10) unsigned NOT NULL DEFAULT '0',
  `correct_answer_rate` int(10) unsigned NOT NULL DEFAULT '0' COMMENT '',
  PRIMARY KEY (`answer_id`)
) ENGINE=InnoDB AUTO_INCREMENT=18 DEFAULT CHARSET=utf8;
/*!40101 SET character_set_client = @saved_cs_client */;

--
-- Dumping data for table `tbl_quiz_answer`
--

LOCK TABLES `tbl_quiz_answer` WRITE;
/*!40000 ALTER TABLE `tbl_quiz_answer` DISABLE KEYS */;
INSERT INTO `tbl_quiz_answer` VALUES (1,2,1,3,'2019-06-04 16:05:01',6,0,0),(2,3,1,3,'2019-06-04 17:49:08',12,30,100),(3,3,1,3,'2019-06-05 18:37:48',13,10,33),(4,3,1,3,'2019-06-06 19:32:24',10,0,0),(5,2,1,4,'2019-06-07 16:07:11',8,0,0),(6,1,1,3,'2019-06-14 15:48:21',600,0,0),(7,3,1,3,'0000-00-00 00:00:00',0,0,0),(8,3,1,3,'2019-06-14 16:22:01',600,0,0),(9,3,1,3,'0000-00-00 00:00:00',0,0,0),(10,14,1,3,'2019-06-15 16:52:01',9,10,50),(11,9,1,3,'2019-06-15 16:59:15',402,0,0),(12,15,1,3,'2019-06-15 17:02:50',58,0,0),(13,15,1,3,'2019-06-15 17:03:11',10,0,0),(14,16,1,3,'2019-06-15 17:07:25',10,10,50),(15,19,1,3,'2019-06-15 17:19:56',6,0,0),(16,19,1,3,'2019-06-17 07:47:16',0,10,50),(17,19,1,3,'2019-06-26 11:25:26',0,20,100);
/*!40000 ALTER TABLE `tbl_quiz_answer` ENABLE KEYS */;
UNLOCK TABLES;

--
-- Table structure for table `tbl_quiz_answer_detail_bk`
--

DROP TABLE IF EXISTS `tbl_quiz_answer_detail_bk`;
/*!40101 SET @saved_cs_client     = @@character_set_client */;
/*!40101 SET character_set_client = utf8 */;
CREATE TABLE `tbl_quiz_answer_detail_bk` (
  `detail_id` int(10) unsigned NOT NULL AUTO_INCREMENT,
  `quiz_id` int(10) unsigned NOT NULL COMMENT 'ID',
  `query_id` int(10) unsigned NOT NULL COMMENT '',
  `answer_id` int(10) unsigned NOT NULL COMMENT '',
  `selection_id` int(10) unsigned NOT NULL,
  `flg_right` tinyint(4) unsigned NOT NULL COMMENT '',
  `flg_no_answer` tinyint(4) unsigned NOT NULL COMMENT '',
  PRIMARY KEY (`detail_id`)
) ENGINE=InnoDB DEFAULT CHARSET=utf8;
/*!40101 SET character_set_client = @saved_cs_client */;

--
-- Dumping data for table `tbl_quiz_answer_detail_bk`
--

LOCK TABLES `tbl_quiz_answer_detail_bk` WRITE;
/*!40000 ALTER TABLE `tbl_quiz_answer_detail_bk` DISABLE KEYS */;
/*!40000 ALTER TABLE `tbl_quiz_answer_detail_bk` ENABLE KEYS */;
UNLOCK TABLES;

--
-- Table structure for table `tbl_quiz_answer_query`
--

DROP TABLE IF EXISTS `tbl_quiz_answer_query`;
/*!40101 SET @saved_cs_client     = @@character_set_client */;
/*!40101 SET character_set_client = utf8 */;
CREATE TABLE `tbl_quiz_answer_query` (
  `answer_query_id` int(10) unsigned NOT NULL AUTO_INCREMENT,
  `answer_id` int(10) unsigned NOT NULL COMMENT '',
  `query_id` int(10) unsigned NOT NULL COMMENT '',
  `quiz_id` int(10) unsigned NOT NULL COMMENT 'ID',
  `flg_right` tinyint(4) unsigned NOT NULL COMMENT '',
  `flg_no_answer` tinyint(4) unsigned NOT NULL COMMENT '',
  PRIMARY KEY (`answer_query_id`)
) ENGINE=InnoDB AUTO_INCREMENT=40 DEFAULT CHARSET=utf8;
/*!40101 SET character_set_client = @saved_cs_client */;

--
-- Dumping data for table `tbl_quiz_answer_query`
--

LOCK TABLES `tbl_quiz_answer_query` WRITE;
/*!40000 ALTER TABLE `tbl_quiz_answer_query` DISABLE KEYS */;
INSERT INTO `tbl_quiz_answer_query` VALUES (1,1,3,2,0,0),(2,1,4,2,0,0),(3,2,5,3,1,0),(4,2,6,3,1,0),(5,2,7,3,1,0),(6,3,5,3,0,0),(7,3,6,3,0,1),(8,3,7,3,1,0),(9,4,5,3,0,0),(10,4,6,3,0,0),(11,4,7,3,0,0),(12,5,3,2,0,0),(13,5,4,2,0,0),(14,6,1,1,0,0),(15,6,2,1,0,1),(16,7,5,3,0,1),(17,7,6,3,0,1),(18,7,7,3,0,1),(19,8,5,3,0,1),(20,8,6,3,0,1),(21,8,7,3,0,1),(22,9,5,3,0,1),(23,9,6,3,0,1),(24,9,7,3,0,1),(25,10,10,14,0,0),(26,10,11,14,1,0),(27,11,9,9,0,1),(28,12,12,15,0,0),(29,12,13,15,0,0),(30,13,12,15,0,0),(31,13,13,15,0,1),(32,14,14,16,0,0),(33,14,15,16,1,0),(34,15,17,19,0,0),(35,15,18,19,0,0),(36,16,17,19,1,0),(37,16,18,19,0,0),(38,17,17,19,1,0),(39,17,18,19,1,0);
/*!40000 ALTER TABLE `tbl_quiz_answer_query` ENABLE KEYS */;
UNLOCK TABLES;

--
-- Table structure for table `tbl_quiz_answer_query_choice`
--

DROP TABLE IF EXISTS `tbl_quiz_answer_query_choice`;
/*!40101 SET @saved_cs_client     = @@character_set_client */;
/*!40101 SET character_set_client = utf8 */;
CREATE TABLE `tbl_quiz_answer_query_choice` (
  `answer_query_id` int(10) unsigned NOT NULL COMMENT '',
  `selection_id` int(10) unsigned NOT NULL COMMENT '',
  PRIMARY KEY (`answer_query_id`,`selection_id`)
) ENGINE=InnoDB DEFAULT CHARSET=utf8;
/*!40101 SET character_set_client = @saved_cs_client */;

--
-- Dumping data for table `tbl_quiz_answer_query_choice`
--

LOCK TABLES `tbl_quiz_answer_query_choice` WRITE;
/*!40000 ALTER TABLE `tbl_quiz_answer_query_choice` DISABLE KEYS */;
INSERT INTO `tbl_quiz_answer_query_choice` VALUES (1,9),(2,11),(3,15),(4,17),(5,22),(5,23),(6,16),(8,22),(8,23),(9,16),(10,18),(11,23),(12,9),(13,11),(14,2),(25,30),(26,31),(26,32),(28,37),(29,39),(30,37),(32,44),(33,45),(33,46),(34,51),(35,53),(36,50),(37,53),(38,50),(39,52),(39,53);
/*!40000 ALTER TABLE `tbl_quiz_answer_query_choice` ENABLE KEYS */;
UNLOCK TABLES;

--
-- Table structure for table `tbl_quiz_query`
--

DROP TABLE IF EXISTS `tbl_quiz_query`;
/*!40101 SET @saved_cs_client     = @@character_set_client */;
/*!40101 SET character_set_client = utf8 */;
CREATE TABLE `tbl_quiz_query` (
  `query_id` int(10) unsigned NOT NULL AUTO_INCREMENT COMMENT '',
  `quiz_id` int(10) unsigned NOT NULL COMMENT '',
  `query_text` varchar(255) NOT NULL COMMENT '',
  `description` varchar(255) DEFAULT NULL COMMENT '',
  `score` tinyint(4) DEFAULT NULL,
  `image_file_name` varchar(255) DEFAULT NULL,
  `sound_file_name` varchar(255) DEFAULT NULL,
  `query_type` tinyint(4) unsigned NOT NULL COMMENT '',
  `display_order` int(10) unsigned NOT NULL COMMENT '',
  `enable` tinyint(4) unsigned NOT NULL COMMENT '',
  PRIMARY KEY (`query_id`)
) ENGINE=InnoDB AUTO_INCREMENT=32 DEFAULT CHARSET=utf8;
/*!40101 SET character_set_client = @saved_cs_client */;

--
-- Dumping data for table `tbl_quiz_query`
--

LOCK TABLES `tbl_quiz_query` WRITE;
/*!40000 ALTER TABLE `tbl_quiz_query` DISABLE KEYS */;
INSERT INTO `tbl_quiz_query` VALUES (1,1,'Q.1','',10,NULL,NULL,0,0,1),(2,1,'Q.2','',10,NULL,NULL,0,2,1),(3,2,'1','',10,NULL,NULL,0,0,1),(4,2,'1','',10,NULL,NULL,0,2,1),(5,3,'1','',10,NULL,NULL,0,0,1),(6,3,'1','',10,NULL,NULL,0,2,1),(7,3,'1','',10,NULL,NULL,1,3,1),(8,5,'',NULL,NULL,NULL,NULL,0,0,1),(9,9,'1','',10,NULL,NULL,0,0,1),(10,14,'test1','',10,NULL,NULL,0,0,1),(11,14,'test1','',10,NULL,NULL,1,2,1),(12,15,'test','',10,NULL,NULL,0,0,1),(13,15,'test','',10,NULL,NULL,1,2,1),(14,16,'test2','',10,NULL,NULL,0,0,1),(15,16,'test2','',10,NULL,NULL,1,2,1),(16,18,'Q1 It seems that you have broken your arm. what will you do?','',10,NULL,NULL,0,0,1),(17,19,'1','',10,NULL,NULL,0,0,1),(18,19,'1','',10,NULL,NULL,1,2,1),(19,18,'Q2 Ccomplaint of stomachache. what will you do?','',10,NULL,NULL,0,2,1),(20,20,'','',10,NULL,NULL,0,0,1),(21,26,'Q1 aaaaaaaaaaaaaaaaaaaaaa text text','',20,NULL,NULL,0,0,1),(22,26,'Q2 text text','',20,NULL,NULL,0,2,1),(23,28,'test test test','',10,NULL,NULL,0,0,1),(24,29,'',NULL,NULL,NULL,NULL,0,0,1),(26,31,'',NULL,NULL,NULL,NULL,0,0,1),(27,44,'What is difinition of eeeee?','',10,NULL,NULL,0,0,1),(28,45,'What is the nursing?','',10,NULL,NULL,0,0,1),(29,43,'who is WHO?','',10,NULL,NULL,0,0,1),(30,46,'Catheterization is','',10,NULL,NULL,0,0,1),(31,48,'WHAT DO YOU MEAN BY PLEURAL EFFUSION?','',5,NULL,NULL,0,0,1);
/*!40000 ALTER TABLE `tbl_quiz_query` ENABLE KEYS */;
UNLOCK TABLES;

--
-- Table structure for table `tbl_quiz_query_correct_answer_bk`
--

DROP TABLE IF EXISTS `tbl_quiz_query_correct_answer_bk`;
/*!40101 SET @saved_cs_client     = @@character_set_client */;
/*!40101 SET character_set_client = utf8 */;
CREATE TABLE `tbl_quiz_query_correct_answer_bk` (
  `correct_answer_id` int(10) unsigned NOT NULL AUTO_INCREMENT COMMENT '',
  `selection_id` int(10) unsigned NOT NULL COMMENT '',
  `quiz_id` int(10) unsigned NOT NULL,
  `query_id` int(10) unsigned NOT NULL COMMENT '',
  PRIMARY KEY (`correct_answer_id`)
) ENGINE=InnoDB DEFAULT CHARSET=utf8;
/*!40101 SET character_set_client = @saved_cs_client */;

--
-- Dumping data for table `tbl_quiz_query_correct_answer_bk`
--

LOCK TABLES `tbl_quiz_query_correct_answer_bk` WRITE;
/*!40000 ALTER TABLE `tbl_quiz_query_correct_answer_bk` DISABLE KEYS */;
/*!40000 ALTER TABLE `tbl_quiz_query_correct_answer_bk` ENABLE KEYS */;
UNLOCK TABLES;

--
-- Table structure for table `tbl_quiz_query_file_bk`
--

DROP TABLE IF EXISTS `tbl_quiz_query_file_bk`;
/*!40101 SET @saved_cs_client     = @@character_set_client */;
/*!40101 SET character_set_client = utf8 */;
CREATE TABLE `tbl_quiz_query_file_bk` (
  `quiz_query_id` int(10) unsigned NOT NULL AUTO_INCREMENT,
  `file_type` tinyint(3) unsigned NOT NULL DEFAULT '0' COMMENT '0:image 1:sound',
  `file_name` varchar(255) COLLATE utf8_bin NOT NULL,
  `file_path` varchar(60) COLLATE utf8_bin NOT NULL,
  PRIMARY KEY (`quiz_query_id`)
) ENGINE=InnoDB DEFAULT CHARSET=utf8 COLLATE=utf8_bin;
/*!40101 SET character_set_client = @saved_cs_client */;

--
-- Dumping data for table `tbl_quiz_query_file_bk`
--

LOCK TABLES `tbl_quiz_query_file_bk` WRITE;
/*!40000 ALTER TABLE `tbl_quiz_query_file_bk` DISABLE KEYS */;
/*!40000 ALTER TABLE `tbl_quiz_query_file_bk` ENABLE KEYS */;
UNLOCK TABLES;

--
-- Table structure for table `tbl_quiz_query_follow_common_contents_bk`
--

DROP TABLE IF EXISTS `tbl_quiz_query_follow_common_contents_bk`;
/*!40101 SET @saved_cs_client     = @@character_set_client */;
/*!40101 SET character_set_client = utf8 */;
CREATE TABLE `tbl_quiz_query_follow_common_contents_bk` (
  `quiz_query_id` int(10) unsigned NOT NULL,
  `common_contents_id` int(10) unsigned NOT NULL
) ENGINE=InnoDB DEFAULT CHARSET=utf8 COLLATE=utf8_bin;
/*!40101 SET character_set_client = @saved_cs_client */;

--
-- Dumping data for table `tbl_quiz_query_follow_common_contents_bk`
--

LOCK TABLES `tbl_quiz_query_follow_common_contents_bk` WRITE;
/*!40000 ALTER TABLE `tbl_quiz_query_follow_common_contents_bk` DISABLE KEYS */;
/*!40000 ALTER TABLE `tbl_quiz_query_follow_common_contents_bk` ENABLE KEYS */;
UNLOCK TABLES;

--
-- Table structure for table `tbl_quiz_query_follow_contents`
--

DROP TABLE IF EXISTS `tbl_quiz_query_follow_contents`;
/*!40101 SET @saved_cs_client     = @@character_set_client */;
/*!40101 SET character_set_client = utf8 */;
CREATE TABLE `tbl_quiz_query_follow_contents` (
  `quiz_query_id` int(10) unsigned NOT NULL,
  `contents_id` int(10) unsigned NOT NULL,
  `contents_category_id` tinyint(3) unsigned NOT NULL
) ENGINE=InnoDB DEFAULT CHARSET=utf8 COLLATE=utf8_bin;
/*!40101 SET character_set_client = @saved_cs_client */;

--
-- Dumping data for table `tbl_quiz_query_follow_contents`
--

LOCK TABLES `tbl_quiz_query_follow_contents` WRITE;
/*!40000 ALTER TABLE `tbl_quiz_query_follow_contents` DISABLE KEYS */;
/*!40000 ALTER TABLE `tbl_quiz_query_follow_contents` ENABLE KEYS */;
UNLOCK TABLES;

--
-- Table structure for table `tbl_quiz_query_selection`
--

DROP TABLE IF EXISTS `tbl_quiz_query_selection`;
/*!40101 SET @saved_cs_client     = @@character_set_client */;
/*!40101 SET character_set_client = utf8 */;
CREATE TABLE `tbl_quiz_query_selection` (
  `selection_id` int(10) unsigned NOT NULL AUTO_INCREMENT COMMENT '',
  `quiz_id` int(10) unsigned NOT NULL,
  `query_id` int(10) unsigned NOT NULL COMMENT '',
  `text` varchar(255) DEFAULT NULL COMMENT '',
  `display_order` tinyint(3) unsigned NOT NULL DEFAULT '0',
  `correct_flg` tinyint(3) unsigned NOT NULL DEFAULT '0',
  `enable` tinyint(3) unsigned NOT NULL DEFAULT '1',
  PRIMARY KEY (`selection_id`)
) ENGINE=InnoDB AUTO_INCREMENT=106 DEFAULT CHARSET=utf8;
/*!40101 SET character_set_client = @saved_cs_client */;

--
-- Dumping data for table `tbl_quiz_query_selection`
--

LOCK TABLES `tbl_quiz_query_selection` WRITE;
/*!40000 ALTER TABLE `tbl_quiz_query_selection` DISABLE KEYS */;
INSERT INTO `tbl_quiz_query_selection` VALUES (1,1,1,'Maybe correct answer',0,1,1),(2,1,1,'Incorrect answer',1,0,1),(3,1,2,'Maybe correct answer',0,1,1),(4,1,2,'Incorrect answer',1,0,1),(5,1,2,'',2,0,0),(6,1,2,'',3,0,0),(7,1,2,'',4,0,0),(8,2,3,'',0,1,1),(9,2,3,'',1,0,1),(10,2,4,'',0,1,1),(11,2,4,'',1,0,1),(12,2,4,'',2,0,0),(13,2,4,'',3,0,0),(14,2,4,'',4,0,0),(15,3,5,'',0,1,1),(16,3,5,'',1,0,1),(17,3,6,'',0,1,1),(18,3,6,'',1,0,1),(19,3,6,'',2,0,0),(20,3,6,'',3,0,0),(21,3,6,'',4,0,0),(22,3,7,'',0,1,1),(23,3,7,'',1,1,1),(24,3,7,'',2,0,0),(25,3,7,'',3,0,0),(26,3,7,'',4,0,0),(27,9,9,'1',0,1,1),(28,9,9,'1',1,0,1),(29,14,10,'test1',0,1,1),(30,14,10,'test1',1,0,1),(31,14,11,'test1',0,1,1),(32,14,11,'test1',1,1,1),(33,14,11,'',2,0,0),(34,14,11,'',3,0,0),(35,14,11,'',4,0,0),(36,15,12,'test',0,1,1),(37,15,12,'test',1,0,1),(38,15,13,'test',0,1,1),(39,15,13,'test',1,1,1),(40,15,13,'',2,0,0),(41,15,13,'',3,0,0),(42,15,13,'',4,0,0),(43,16,14,'test2',0,1,1),(44,16,14,'test2',1,0,1),(45,16,15,'test2',0,1,1),(46,16,15,'test2',1,1,1),(47,16,15,'',2,0,0),(48,16,15,'',3,0,0),(49,16,15,'',4,0,0),(50,19,17,'1',0,1,1),(51,19,17,'1',1,0,1),(52,19,18,'1',0,1,1),(53,19,18,'1',1,1,1),(54,19,18,'',2,0,0),(55,19,18,'',3,0,0),(56,19,18,'',4,0,0),(57,18,16,'Call an ambulance',0,0,1),(58,18,16,'Bandage with splint',1,1,1),(59,18,16,'pray',2,0,1),(60,18,16,'Find a doctor',3,0,1),(61,18,19,'',0,0,0),(62,18,19,'',1,0,0),(63,18,19,'',2,0,0),(64,18,19,'',3,0,0),(65,18,19,'',4,0,0),(66,18,19,'Find a doctor',0,0,1),(67,18,19,'pray',1,0,1),(68,18,19,'Call an ambulance',2,1,1),(69,18,19,'Hold down the abdomen strongly',3,0,1),(70,20,20,'',0,0,1),(71,20,20,'',1,1,1),(72,20,20,'',2,0,1),(73,26,21,'1',0,0,1),(74,26,21,'2',1,1,1),(75,26,21,'3',2,0,1),(76,26,21,'4',3,0,1),(77,26,22,'3',0,0,1),(78,26,22,'4',1,0,1),(79,26,22,'r',2,1,1),(80,26,22,'y',3,0,1),(81,26,22,'',4,0,0),(82,28,23,'1, apple',0,1,1),(83,28,23,'2, orange',1,0,1),(84,28,23,'3, banana',2,0,1),(85,28,23,'4, pinaple',3,0,1),(86,43,29,'Kurazawa',0,1,1),(87,43,29,'Mancho',1,0,1),(88,43,29,'Osaka',2,0,1),(89,43,29,'Tokyo',3,0,1),(90,44,27,'AAAA',0,0,1),(91,44,27,'BBBBB',1,1,1),(92,44,27,'CCCCC',2,0,1),(93,44,27,'DDDD',3,0,1),(94,46,30,'Insertion of catheter',0,1,1),(95,46,30,'knmcmds',1,0,1),(96,46,30,'c nlwmf;ww',2,0,1),(97,46,30,'bwf',3,0,1),(98,48,31,'A',0,1,1),(99,48,31,'B',1,0,1),(100,48,31,'C',2,0,1),(101,48,31,'D',3,0,1),(102,45,28,'aaa',0,0,1),(103,45,28,'bb',1,0,1),(104,45,28,'ccc',2,0,1),(105,45,28,'ddd',3,0,1);
/*!40000 ALTER TABLE `tbl_quiz_query_selection` ENABLE KEYS */;
UNLOCK TABLES;

--
-- Table structure for table `tbl_quiz_target_access_restriction`
--

DROP TABLE IF EXISTS `tbl_quiz_target_access_restriction`;
/*!40101 SET @saved_cs_client     = @@character_set_client */;
/*!40101 SET character_set_client = utf8 */;
CREATE TABLE `tbl_quiz_target_access_restriction` (
  `quiz_target_id` int(10) unsigned NOT NULL COMMENT '',
  `quiz_id` int(10) unsigned NOT NULL COMMENT '',
  `grade_id` int(10) unsigned DEFAULT NULL COMMENT '',
  `classroom_id` int(10) unsigned DEFAULT NULL COMMENT '',
  `course_id` int(10) unsigned DEFAULT NULL COMMENT '',
  PRIMARY KEY (`quiz_target_id`),
  KEY `grade_id` (`grade_id`),
  KEY `classroom_id` (`classroom_id`),
  KEY `course_id` (`course_id`),
  KEY `cbt_id_UNIQUE` (`quiz_id`),
  CONSTRAINT `tbl_quiz_target_access_restriction_ibfk_1` FOREIGN KEY (`quiz_id`) REFERENCES `tbl_quiz` (`quiz_id`)
) ENGINE=InnoDB DEFAULT CHARSET=utf8 COMMENT='';
/*!40101 SET character_set_client = @saved_cs_client */;

--
-- Dumping data for table `tbl_quiz_target_access_restriction`
--

LOCK TABLES `tbl_quiz_target_access_restriction` WRITE;
/*!40000 ALTER TABLE `tbl_quiz_target_access_restriction` DISABLE KEYS */;
/*!40000 ALTER TABLE `tbl_quiz_target_access_restriction` ENABLE KEYS */;
UNLOCK TABLES;

--
-- Table structure for table `tbl_quiz_target_range_common`
--

DROP TABLE IF EXISTS `tbl_quiz_target_range_common`;
/*!40101 SET @saved_cs_client     = @@character_set_client */;
/*!40101 SET character_set_client = utf8 */;
CREATE TABLE `tbl_quiz_target_range_common` (
  `common_target_range_id` int(10) unsigned NOT NULL,
  `quiz_id` int(10) unsigned NOT NULL,
  `contents_category_id` tinyint(4) unsigned NOT NULL,
  `common_subject_id` int(10) unsigned NOT NULL,
  `common_subject_section_id` int(10) unsigned DEFAULT NULL,
  `common_contents_id` int(10) unsigned DEFAULT NULL,
  PRIMARY KEY (`common_target_range_id`),
  KEY `quiz_id` (`quiz_id`),
  KEY `contents_category_id` (`contents_category_id`),
  KEY `subject_id` (`common_subject_id`),
  KEY `subject_section_id` (`common_subject_section_id`),
  KEY `contents_id` (`common_contents_id`),
  CONSTRAINT `tbl_quiz_target_range_common_ibfk_1` FOREIGN KEY (`quiz_id`) REFERENCES `tbl_quiz` (`quiz_id`),
  CONSTRAINT `tbl_quiz_target_range_common_ibfk_2` FOREIGN KEY (`contents_category_id`) REFERENCES `mst_contents_category` (`contents_category_id`),
  CONSTRAINT `tbl_quiz_target_range_common_ibfk_3` FOREIGN KEY (`common_subject_id`) REFERENCES `tbl_common_subject_bk` (`common_subject_id`),
  CONSTRAINT `tbl_quiz_target_range_common_ibfk_4` FOREIGN KEY (`common_subject_section_id`) REFERENCES `tbl_common_subject_section_bk` (`common_subject_section_id`),
  CONSTRAINT `tbl_quiz_target_range_common_ibfk_5` FOREIGN KEY (`common_contents_id`) REFERENCES `tbl_common_contents_bk` (`common_contents_id`)
) ENGINE=InnoDB DEFAULT CHARSET=utf8 COLLATE=utf8_bin;
/*!40101 SET character_set_client = @saved_cs_client */;

--
-- Dumping data for table `tbl_quiz_target_range_common`
--

LOCK TABLES `tbl_quiz_target_range_common` WRITE;
/*!40000 ALTER TABLE `tbl_quiz_target_range_common` DISABLE KEYS */;
/*!40000 ALTER TABLE `tbl_quiz_target_range_common` ENABLE KEYS */;
UNLOCK TABLES;

--
-- Table structure for table `tbl_quiz_target_range_school`
--

DROP TABLE IF EXISTS `tbl_quiz_target_range_school`;
/*!40101 SET @saved_cs_client     = @@character_set_client */;
/*!40101 SET character_set_client = utf8 */;
CREATE TABLE `tbl_quiz_target_range_school` (
  `school_target_range_id` int(10) unsigned NOT NULL AUTO_INCREMENT,
  `quiz_id` int(10) unsigned NOT NULL,
  `contents_category_id` tinyint(4) unsigned NOT NULL,
  `subject_genre_id` int(10) unsigned NOT NULL,
  `subject_section_id` int(10) unsigned DEFAULT NULL,
  `school_contents_id` int(10) unsigned DEFAULT NULL,
  PRIMARY KEY (`school_target_range_id`),
  KEY `quiz_id` (`quiz_id`),
  KEY `contents_category_id` (`contents_category_id`),
  KEY `subject_id` (`subject_genre_id`),
  KEY `subject_section_id` (`subject_section_id`),
  KEY `school_contents_id` (`school_contents_id`),
  CONSTRAINT `tbl_quiz_target_range_school_ibfk_1` FOREIGN KEY (`quiz_id`) REFERENCES `tbl_quiz` (`quiz_id`),
  CONSTRAINT `tbl_quiz_target_range_school_ibfk_2` FOREIGN KEY (`contents_category_id`) REFERENCES `mst_contents_category` (`contents_category_id`),
  CONSTRAINT `tbl_quiz_target_range_school_ibfk_3` FOREIGN KEY (`subject_genre_id`) REFERENCES `tbl_subject_genre` (`subject_genre_id`),
  CONSTRAINT `tbl_quiz_target_range_school_ibfk_4` FOREIGN KEY (`subject_section_id`) REFERENCES `tbl_subject_section` (`subject_section_id`),
  CONSTRAINT `tbl_quiz_target_range_school_ibfk_5` FOREIGN KEY (`school_contents_id`) REFERENCES `tbl_school_contents_bk` (`school_contents_id`)
) ENGINE=InnoDB DEFAULT CHARSET=utf8 COLLATE=utf8_bin;
/*!40101 SET character_set_client = @saved_cs_client */;

--
-- Dumping data for table `tbl_quiz_target_range_school`
--

LOCK TABLES `tbl_quiz_target_range_school` WRITE;
/*!40000 ALTER TABLE `tbl_quiz_target_range_school` DISABLE KEYS */;
/*!40000 ALTER TABLE `tbl_quiz_target_range_school` ENABLE KEYS */;
UNLOCK TABLES;

--
-- Table structure for table `tbl_school`
--

DROP TABLE IF EXISTS `tbl_school`;
/*!40101 SET @saved_cs_client     = @@character_set_client */;
/*!40101 SET character_set_client = utf8 */;
CREATE TABLE `tbl_school` (
  `school_id` int(10) unsigned NOT NULL AUTO_INCREMENT,
  `school_name` varchar(255) COLLATE utf8_bin NOT NULL,
  `call_sign` char(3) COLLATE utf8_bin NOT NULL,
  `max_id_of_admin` int(10) unsigned NOT NULL DEFAULT '0',
  `max_id_of_teacher` int(10) unsigned NOT NULL DEFAULT '0',
  `max_id_of_student` int(10) unsigned NOT NULL DEFAULT '0',
  `max_school_contents_total_giga_byte` bigint(20) unsigned NOT NULL DEFAULT '0',
  `enable` tinyint(3) unsigned NOT NULL DEFAULT '1',
  `display_order` int(10) unsigned DEFAULT NULL,
  PRIMARY KEY (`school_id`),
  UNIQUE KEY `call_sign` (`call_sign`),
  UNIQUE KEY `display_order` (`display_order`),
  KEY `enable` (`enable`),
  CONSTRAINT `tbl_school_ibfk_1` FOREIGN KEY (`enable`) REFERENCES `mst_boolean` (`boolean_id`),
  CONSTRAINT `tbl_school_ibfk_2` FOREIGN KEY (`display_order`) REFERENCES `tbl_school` (`school_id`)
) ENGINE=InnoDB AUTO_INCREMENT=2 DEFAULT CHARSET=utf8 COLLATE=utf8_bin;
/*!40101 SET character_set_client = @saved_cs_client */;

--
-- Dumping data for table `tbl_school`
--

LOCK TABLES `tbl_school` WRITE;
/*!40000 ALTER TABLE `tbl_school` DISABLE KEYS */;
INSERT INTO `tbl_school` VALUES (1,'','dnc',10,30,1000,0,1,1);
/*!40000 ALTER TABLE `tbl_school` ENABLE KEYS */;
UNLOCK TABLES;

--
-- Table structure for table `tbl_school_access_restriction_bk`
--

DROP TABLE IF EXISTS `tbl_school_access_restriction_bk`;
/*!40101 SET @saved_cs_client     = @@character_set_client */;
/*!40101 SET character_set_client = utf8 */;
CREATE TABLE `tbl_school_access_restriction_bk` (
  `school_access_restriction_id` int(10) unsigned NOT NULL,
  `subject_section_id` int(10) unsigned NOT NULL,
  `grade_enable` tinyint(3) unsigned NOT NULL,
  `classroom_enable` tinyint(3) unsigned NOT NULL,
  `course_enable` tinyint(3) unsigned NOT NULL,
  PRIMARY KEY (`school_access_restriction_id`),
  KEY `subject_section_id` (`subject_section_id`),
  KEY `grade_enable` (`grade_enable`),
  KEY `classroom_enable` (`classroom_enable`),
  KEY `course_enable` (`course_enable`),
  CONSTRAINT `tbl_school_access_restriction_bk_ibfk_1` FOREIGN KEY (`subject_section_id`) REFERENCES `tbl_subject_section` (`subject_section_id`),
  CONSTRAINT `tbl_school_access_restriction_bk_ibfk_2` FOREIGN KEY (`grade_enable`) REFERENCES `mst_boolean` (`boolean_id`),
  CONSTRAINT `tbl_school_access_restriction_bk_ibfk_3` FOREIGN KEY (`classroom_enable`) REFERENCES `mst_boolean` (`boolean_id`),
  CONSTRAINT `tbl_school_access_restriction_bk_ibfk_4` FOREIGN KEY (`course_enable`) REFERENCES `mst_boolean` (`boolean_id`)
) ENGINE=InnoDB DEFAULT CHARSET=utf8 COLLATE=utf8_bin;
/*!40101 SET character_set_client = @saved_cs_client */;

--
-- Dumping data for table `tbl_school_access_restriction_bk`
--

LOCK TABLES `tbl_school_access_restriction_bk` WRITE;
/*!40000 ALTER TABLE `tbl_school_access_restriction_bk` DISABLE KEYS */;
/*!40000 ALTER TABLE `tbl_school_access_restriction_bk` ENABLE KEYS */;
UNLOCK TABLES;

--
-- Table structure for table `tbl_school_access_restriction_classroom_bk`
--

DROP TABLE IF EXISTS `tbl_school_access_restriction_classroom_bk`;
/*!40101 SET @saved_cs_client     = @@character_set_client */;
/*!40101 SET character_set_client = utf8 */;
CREATE TABLE `tbl_school_access_restriction_classroom_bk` (
  `school_access_restriction_id` int(10) unsigned NOT NULL,
  `classroom_id` int(10) unsigned NOT NULL,
  PRIMARY KEY (`school_access_restriction_id`,`classroom_id`),
  KEY `classroom_id` (`classroom_id`),
  CONSTRAINT `tbl_school_access_restriction_classroom_bk_ibfk_1` FOREIGN KEY (`school_access_restriction_id`) REFERENCES `tbl_school_access_restriction_bk` (`school_access_restriction_id`),
  CONSTRAINT `tbl_school_access_restriction_classroom_bk_ibfk_2` FOREIGN KEY (`classroom_id`) REFERENCES `tbl_classroom` (`classroom_id`)
) ENGINE=InnoDB DEFAULT CHARSET=utf8 COLLATE=utf8_bin;
/*!40101 SET character_set_client = @saved_cs_client */;

--
-- Dumping data for table `tbl_school_access_restriction_classroom_bk`
--

LOCK TABLES `tbl_school_access_restriction_classroom_bk` WRITE;
/*!40000 ALTER TABLE `tbl_school_access_restriction_classroom_bk` DISABLE KEYS */;
/*!40000 ALTER TABLE `tbl_school_access_restriction_classroom_bk` ENABLE KEYS */;
UNLOCK TABLES;

--
-- Table structure for table `tbl_school_access_restriction_course_bk`
--

DROP TABLE IF EXISTS `tbl_school_access_restriction_course_bk`;
/*!40101 SET @saved_cs_client     = @@character_set_client */;
/*!40101 SET character_set_client = utf8 */;
CREATE TABLE `tbl_school_access_restriction_course_bk` (
  `school_access_restriction_id` int(10) unsigned NOT NULL,
  `course_id` int(10) unsigned NOT NULL,
  PRIMARY KEY (`school_access_restriction_id`,`course_id`),
  KEY `course_id` (`course_id`),
  CONSTRAINT `tbl_school_access_restriction_course_bk_ibfk_1` FOREIGN KEY (`school_access_restriction_id`) REFERENCES `tbl_school_access_restriction_bk` (`school_access_restriction_id`),
  CONSTRAINT `tbl_school_access_restriction_course_bk_ibfk_2` FOREIGN KEY (`course_id`) REFERENCES `tbl_course` (`course_id`)
) ENGINE=InnoDB DEFAULT CHARSET=utf8 COLLATE=utf8_bin;
/*!40101 SET character_set_client = @saved_cs_client */;

--
-- Dumping data for table `tbl_school_access_restriction_course_bk`
--

LOCK TABLES `tbl_school_access_restriction_course_bk` WRITE;
/*!40000 ALTER TABLE `tbl_school_access_restriction_course_bk` DISABLE KEYS */;
/*!40000 ALTER TABLE `tbl_school_access_restriction_course_bk` ENABLE KEYS */;
UNLOCK TABLES;

--
-- Table structure for table `tbl_school_access_restriction_grade_bk`
--

DROP TABLE IF EXISTS `tbl_school_access_restriction_grade_bk`;
/*!40101 SET @saved_cs_client     = @@character_set_client */;
/*!40101 SET character_set_client = utf8 */;
CREATE TABLE `tbl_school_access_restriction_grade_bk` (
  `school_access_restriction_id` int(10) unsigned NOT NULL,
  `grade_id` int(10) unsigned NOT NULL,
  `subsection_id` int(10) unsigned NOT NULL,
  PRIMARY KEY (`school_access_restriction_id`,`grade_id`),
  KEY `grade_id` (`grade_id`),
  CONSTRAINT `tbl_school_access_restriction_grade_bk_ibfk_1` FOREIGN KEY (`school_access_restriction_id`) REFERENCES `tbl_school_access_restriction_bk` (`school_access_restriction_id`),
  CONSTRAINT `tbl_school_access_restriction_grade_bk_ibfk_2` FOREIGN KEY (`grade_id`) REFERENCES `tbl_grade` (`grade_id`)
) ENGINE=InnoDB DEFAULT CHARSET=utf8 COLLATE=utf8_bin;
/*!40101 SET character_set_client = @saved_cs_client */;

--
-- Dumping data for table `tbl_school_access_restriction_grade_bk`
--

LOCK TABLES `tbl_school_access_restriction_grade_bk` WRITE;
/*!40000 ALTER TABLE `tbl_school_access_restriction_grade_bk` DISABLE KEYS */;
/*!40000 ALTER TABLE `tbl_school_access_restriction_grade_bk` ENABLE KEYS */;
UNLOCK TABLES;

--
-- Table structure for table `tbl_school_contents_bk`
--

DROP TABLE IF EXISTS `tbl_school_contents_bk`;
/*!40101 SET @saved_cs_client     = @@character_set_client */;
/*!40101 SET character_set_client = utf8 */;
CREATE TABLE `tbl_school_contents_bk` (
  `school_contents_id` int(10) unsigned NOT NULL,
  `contents_category_id` tinyint(3) unsigned NOT NULL DEFAULT '1',
  `subject_section_id` int(10) unsigned NOT NULL,
  `school_contents_name` varchar(255) COLLATE utf8_bin NOT NULL,
  `comment` varchar(255) COLLATE utf8_bin NOT NULL,
  `first_day` date DEFAULT NULL,
  `last_day` date DEFAULT NULL,
  `file_name` varchar(255) COLLATE utf8_bin NOT NULL,
  `user_level_id` int(10) unsigned DEFAULT NULL,
  `teacher_id` int(10) unsigned DEFAULT NULL,
  `contents_extension_id` tinyint(3) unsigned NOT NULL,
  `size` int(10) unsigned NOT NULL,
  `enable` tinyint(3) unsigned NOT NULL DEFAULT '1',
  `display_order` int(10) unsigned DEFAULT NULL,
  PRIMARY KEY (`school_contents_id`),
  UNIQUE KEY `display_order` (`display_order`),
  KEY `subject_section_id` (`subject_section_id`),
  KEY `contents_extension_id` (`contents_extension_id`),
  KEY `enable` (`enable`),
  KEY `registered_person_id` (`teacher_id`),
  KEY `FK_tbl_school_contents_mst_contents_category` (`contents_category_id`)
) ENGINE=InnoDB DEFAULT CHARSET=utf8 COLLATE=utf8_bin;
/*!40101 SET character_set_client = @saved_cs_client */;

--
-- Dumping data for table `tbl_school_contents_bk`
--

LOCK TABLES `tbl_school_contents_bk` WRITE;
/*!40000 ALTER TABLE `tbl_school_contents_bk` DISABLE KEYS */;
/*!40000 ALTER TABLE `tbl_school_contents_bk` ENABLE KEYS */;
UNLOCK TABLES;

--
-- Table structure for table `tbl_student`
--

DROP TABLE IF EXISTS `tbl_student`;
/*!40101 SET @saved_cs_client     = @@character_set_client */;
/*!40101 SET character_set_client = utf8 */;
CREATE TABLE `tbl_student` (
  `student_id` int(10) unsigned NOT NULL AUTO_INCREMENT,
  `school_id` int(10) unsigned NOT NULL,
  `student_code` varchar(255) COLLATE utf8_bin NOT NULL,
  `student_name` varchar(255) COLLATE utf8_bin NOT NULL,
  `joining` tinyint(3) unsigned NOT NULL DEFAULT '1',
  `id` varchar(255) COLLATE utf8_bin DEFAULT NULL,
  `password` varchar(255) COLLATE utf8_bin NOT NULL,
  `access_code` varchar(255) COLLATE utf8_bin DEFAULT NULL,
  `access_datetime` datetime DEFAULT NULL,
  `bit_subject` varchar(1000) COLLATE utf8_bin NOT NULL DEFAULT '0',
  `enable` tinyint(3) unsigned NOT NULL,
  `display_order` int(10) unsigned DEFAULT NULL,
  PRIMARY KEY (`student_id`)
) ENGINE=InnoDB AUTO_INCREMENT=53 DEFAULT CHARSET=utf8 COLLATE=utf8_bin;
/*!40101 SET character_set_client = @saved_cs_client */;

--
-- Dumping data for table `tbl_student`
--

LOCK TABLES `tbl_student` WRITE;
/*!40000 ALTER TABLE `tbl_student` DISABLE KEYS */;
INSERT INTO `tbl_student` VALUES (1,1,'1','kjsstudent1',1,'OVZxFQjNDxaCsnSKkzRGtj3kr9gW7NfM','Hu8Q4z+A0K4pU52TC2M1og==',NULL,'2019-05-31 01:35:34','0-38800000-2-0-0-e400',0,1),(2,1,'2','kjsstudent2',1,'OVZxFQjNDxaCsnSKkzRGtiTUEyanLgCM','Hu8Q4z+A0K5MG95BydxErQ==',NULL,NULL,'0-38800000-2-0-0-e400',0,2),(3,1,'KJS01','student01',1,'uC7i3PFeTD2d4W6QlBrAWe9V6Zjq+MDbAfp5W5kJbZ4=','BeFxl272Q4P2VKKTl9KaLEb8ZhZQ5NsUSER69tvfrPc=',NULL,'2019-08-19 07:49:02','0-0-0-0-0-8',1,3),(4,1,'KJS02','student02',1,'uC7i3PFeTD2d4W6QlBrAWdGB4UP2NYm0PpIuSJFEkow=','x3SGa8aEEOk2lf8l/LDQ+0b8ZhZQ5NsUSER69tvfrPc=',NULL,'2019-06-07 07:06:12','0-0-0-0-0-8',1,4),(5,1,'','OOTA',1,'iru41HHXkvyfu1KCOoCmow==','8MCyZ44M1SkC2Ugkz7+JVw==',NULL,NULL,'0-0-0-0-0-7e30008',0,5),(6,1,'','DNC-Student01',1,'9kwfi/ddUX3WaY7oL4S91g==','3IwBdm9kzojMoQbSujm4/w==',NULL,'2019-08-28 03:01:14','0-0-0-0-0-1430008-36042',0,6),(7,1,'','DNC-Student02',1,'KKw68/9WixKvEMGM3odeKA==','UzBUNrdRm2+3Em0RV11BVg==',NULL,'2019-07-23 06:47:23','0-0-0-0-0-210000',0,7),(8,1,'','DNC-Student03',1,'Sbla8deHDBUk0LydWfFlHQ==','l2j7H5l5jhg1oRKEFtai0g==',NULL,'2019-07-23 09:53:53','0-0-0-0-0-210000',0,8),(9,1,'','DNC-Student04',1,'tx556zEzlXtdlN+BKHluMg==','9g4BIKBpXxFHqF+mxrBJ9A==',NULL,NULL,'0-0-0-0-0-210000',0,9),(10,1,'','DNC-Student05',1,'KVupNB2MyobKqUrkDi5Cxw==','XZWjRf/3TPjqzh+SgGi9zA==',NULL,NULL,'0-0-0-0-0-210000',0,10),(11,1,'','student03a',1,'yVDTE6Ga2HM63CaRVawVBEb8ZhZQ5NsUSER69tvfrPc=','F+gTMJ48fBRt5osm02T1GA==',NULL,NULL,'0-0-0-0-0-8',0,11),(12,1,'DNC01','Md Kamal Uddin',1,'Y/raYEgik01lpqY+GztB0AntM+4fppjXqNSW9qkyfjc=','laiBK3/04H/bjsdtNXlZPkb8ZhZQ5NsUSER69tvfrPc=',NULL,NULL,'0-0-0-0-0-10000-2002',0,12),(13,1,'test menber','test menber ',1,'T1g/y+q6q0XDEEoyJBe6vWh3b2nZAtGgqDIsu7peEvQ=','udHcgZ7eN0hG06QwWi857Ub8ZhZQ5NsUSER69tvfrPc=',NULL,NULL,'0-0-0-0-0-10008-c0000',0,13),(14,1,'200101','Billal Hossain',1,'I7GAC68dptmkbpTWmGrn60b8ZhZQ5NsUSER69tvfrPc=','MLiAMa3/AB8s7QDZbotVZkb8ZhZQ5NsUSER69tvfrPc=',NULL,NULL,'0-0-0-0-0-10000-2002',0,14),(15,1,'DNC01','Jamal Uddin',1,'VpPIg+trB6b2frbwquqD6TW2GUbEv+rAcePyuIA5LwM=','DvEnFRCSgCd54HAJ7QLBgw==',NULL,NULL,'0-0-0-0-0-10000-4002',0,15),(16,1,'1001201','Dipto ',1,'/yHkMlpFgINoV1MDNXAjA0b8ZhZQ5NsUSER69tvfrPc=','KioUsVPzCGm6BtYr9QhXpg==',NULL,NULL,'0-0-0-0-0-10000-2002',0,16),(17,1,'123','DD',1,'CjDt1WdVPI7ke9okhvCbQS3TGgn4WXSY7oswTmmAcmU=','87i5lnjsCyKqBAIq8jCwsR+7qLRmUDWvJhwsEcMZPUM=',NULL,NULL,'0-0-0-0-0-10000-2002',0,17),(18,1,'jhkjhk','nmnmnm',1,'9YyzD/1pUsWLg2fOv6CrbMnJDtdkzSNHoN0gsbcXAbY=','IWRj+bJv0yBSVmj2/RIdIEb8ZhZQ5NsUSER69tvfrPc=',NULL,NULL,'0-0-0-0-0-420000',0,18),(19,1,'DNC01','Md Kamal Uddin',1,'0m0qAM+YGiqGrQShC0JXRTyWojMoLIg79GRhhLEj+CI=','c5iu+XJKmG/hAsrt0b343uubaZ5Ws8T8P0cAvPQ8A4o=',NULL,NULL,'0-0-0-0-0-420000',0,19),(20,1,'200101','DD12',1,'ATc47Lk3dsIIhkAuIgz87WMLG4JvV4vROPJVEB0zw64=','xKz7ezjGoJEeC1EoH6bGoA==',NULL,NULL,'0-0-0-0-0-10000-2002',0,20),(21,1,'200102','ddg',1,'KQCVUSWo6IZX57htfntrKIf8j7hSKmihrCiRrRlzTUA=','aVRSZWfJbebCFXdm70nTYEb8ZhZQ5NsUSER69tvfrPc=',NULL,NULL,'0-0-0-0-0-20000-80000',0,21),(22,1,'200102','hjjkk',1,'C/ilyEg6jZVr84HjqYDHwPUGwS7WP5kNeCWlbZKN9JM=','0agQ1Kr8p/xe2lZ6j2AhREb8ZhZQ5NsUSER69tvfrPc=',NULL,NULL,'0-0-0-0-0-420000',0,22),(23,1,'DNC01','Md Kamal Uddin',1,'yMNr8gC5I5wnefEZO1jKo7jJRfDtPNG/mspMMc2tN3M=','WGqBtfRDaZjtywIJwhXRcDE+GtFAoa3M0rsqxUh9YxY=',NULL,NULL,'0-0-0-0-0-10000-2002',0,23),(24,1,'200102','Kamal Uddin',1,'8nIdNpF1I8+7/s1/84YXgkeIwF7FUxek14XwNjqtJwc=','WNmQ3l5FKBtxp6CNlorBtVeu+nCqsLXGiISJHm5UznE=',NULL,NULL,'0-0-0-0-0-20000-600000',0,24),(25,1,'200102','good',1,'WkwTvfpK6OdfjbxZ93PC32p6hB1ELYbiXZfiXeSDwv4=','wS7szA31JQRfMthPBh3q1Ub8ZhZQ5NsUSER69tvfrPc=',NULL,NULL,'0-0-0-0-0-20000-e00000',0,25),(26,1,'200102','Md Kamal Uddin',1,'5cjdB68XbJ7Fl+dimvQ8lhsqgxIARvanfBu68cY6pUI=','tH4PFkSOmJmAIUfRUSe1gjBcM4MN72zNDR4LbgljTxU=',NULL,NULL,'0-0-0-0-0-20000-e00000',0,26),(27,1,'200101','Md Kamal Uddin',1,'dkV334QdW8M0CbCFjZembUb8ZhZQ5NsUSER69tvfrPc=','baEWdN6OQVxu9cd0dNDlCosx2rgVEHuiWWZZycn6RBQ=',NULL,NULL,'0-0-0-0-0-20000-e00000',0,27),(28,1,'202','Dipto Shahriar',1,'/xZ2+3uqIsdw06AQ2ovn35D0VbytwNCZrq6NKbpcfqI=','vRnk8JJn8dxVYXa6z7lpEEb8ZhZQ5NsUSER69tvfrPc=',NULL,NULL,'0-0-0-0-0-20000-1f200000',0,28),(29,1,'200101','Md Kamal Uddin',1,'fVfGIyQ0M7I6y9gxl+YCmLhc9xsPbzeMiB6cTKVIdkw=','o4wJuXmMLgsNP9/BOYdHHdZNuCuPbsG2rpAWAqzAlPs=',NULL,NULL,'0-0-0-0-0-20000-7f200000',0,29),(30,1,'200102','Md Kamal Uddin',1,'70yk+aiY9SRhVMYy+BRsj0YvIP2+yLhC3/Dbqy8B+fo=','ew87J7lA4myTl65lBYw1sFVQKIKVHy7FbBryijxyk2w=',NULL,NULL,'0-0-0-0-0-20000-7f200000',0,30),(31,1,'200102','Md Kamal Uddin',1,'v7ei09s13rU/Iu4eS832DD4o+1GuL6YfdgyRouQXEfo=','diWrw8PzRwJDPd5HMWthUg==',NULL,NULL,'0-0-0-0-0-20000-3200000',0,31),(32,1,'123456','Dipto Shahriar',1,'tt6QLlnsElqqa1ouENFT30b8ZhZQ5NsUSER69tvfrPc=','GD78tRUx2nWfXD2jnnYvesAlcX0rgexldmG8NaUWQqQ=',NULL,NULL,'0-0-0-0-0-20000-0-190',0,32),(33,1,'100001','Helal Uddin',1,'VpPIg+trB6b2frbwquqD6Tt6JW70PCvm4QU337ut8vg=','oORK0HO2EUKfkgMb3NQ/fg==',NULL,NULL,'0-0-0-0-0-10000-106002',0,33),(34,1,'Test ','Test111',1,'dKlLYLroQvB6yo95XB2Jxv4Ha/FfHtFT3epIlsRNyWU=','o3mvDL6eD/YW/jFNEtwWiBlISuO2m2qXz0BowQTTQcw=',NULL,NULL,'0-0-0-0-0-30008-176042-190',0,34),(35,1,'500110','Nasrin Akter',1,'99Y7NRnvBceT1IreMAqfoNLfdtPOxgovRdlTH0Hf1sU=','PPyTaFg4dDYDIoZ04Ys3pQ==',NULL,NULL,'0-0-0-0-0-10000-2002',0,35),(36,1,'BRAC 1 ','Kamal Uddin',1,'wbOGVDAvCTu0E3TY1hhxjEb8ZhZQ5NsUSER69tvfrPc=','ydTwLSXHynz40vurhKQLWhKdX++FsQfmiGQH+fh8z1Q=',NULL,NULL,'0-0-0-0-0-10000-2002',0,36),(37,1,'BRAC 1 ','Kamal Uddin',1,'ikSDBAlRLuv8hOxkrxPjlUb8ZhZQ5NsUSER69tvfrPc=','ydTwLSXHynz40vurhKQLWhKdX++FsQfmiGQH+fh8z1Q=',NULL,NULL,'0-0-0-0-0-10000-2002',0,37),(38,1,'BRAC1','INOSE AYAKO',1,'SaECooQI6ejjoqGsPbpSM/KUcmcq4zvnwRqeZCBNGWw=','Yhi53kXOBqM6/DUm3MA+3kb8ZhZQ5NsUSER69tvfrPc=',NULL,NULL,'0-0-0-0-0-10000-2002',0,38),(39,1,'334989','Kurazawa',1,'JCC9WYRt0c6cO42N1oDmkIL0bEd7lYybJKNOw3p9CDg=','EByivGd6wKd2odUynICHbXY/DBcLtYCwNE4L0SEF+zw=',NULL,NULL,'0-0-0-0-0-20000-0-790',0,39),(40,1,'Nursing','Hiura Mizue',1,'pIAo7xROsE2JzGFZc/A6aA==','kmt096c+dKVVjwGfBQ+5fw==',NULL,NULL,'0-0-0-0-0-10000-10040',0,40),(41,1,'78','Jun',1,'r/DseETGDLjbgvcenVeB60b8ZhZQ5NsUSER69tvfrPc=','CI7EnpZKvQb8vPX4m3FZWEb8ZhZQ5NsUSER69tvfrPc=',NULL,NULL,'0-0-0-0-0-20000-0-410',0,41),(42,1,'0001','Kaizu',1,'ttI2d/uZsU/hHSqJhiLIUWh3AtXHkJRU0ev/KUU56v0=','HuxDBSevqbmj8t9lyjvzbUb8ZhZQ5NsUSER69tvfrPc=',NULL,NULL,'0-0-0-0-0-8',0,42),(43,1,'KJS1','OGINO Tsugnobu',1,'MDFt+l46eQHC8DKvE5iESaL9i0Tarwe6UOswuCeKYwA=','m2SRiHC4Rxp4cxfI+47pJJOJOb3owNK5TauFGTan/YQ=',NULL,'2019-07-31 10:06:10','0-0-0-0-0-10000-40-1000',0,43),(44,1,'KJS4','OGINO Sayuri',1,'XFJOuR6VrczSS0W1Ekq2BUb8ZhZQ5NsUSER69tvfrPc=','yQMxd0WMp2utc0BL8F4qU6FCfWyaBrhJKQEd4OHtoVo=',NULL,'2019-07-31 10:17:00','0-0-0-0-0-10000-40-1000',0,44),(45,1,'KJS3','RAISEN Hitomi',1,'DB906JlARb2wAgh/YKz584D5u1fnBcPCjdYGuqFMyf0=','cvSQahtSOjAYfBZ63qf7f3ZOjFIL7DyA4b3LnlyMjeU=',NULL,'2019-07-31 10:13:34','0-0-0-0-0-10000-40-1000',0,45),(46,1,'KJS5','Arif Uddin',1,'8IqpluS1kk+W6lhBnskxp0MO4F49iMtu4JMrmuYg5ic=','q21aDl1LjXyCCgiY/58yKA==',NULL,'2019-07-31 10:20:08','0-0-0-0-0-10000-40-1000',0,46),(47,1,'KJS2','NOZAKI Naomi',1,'Iuplj2XWkf3hJSuPs/Ribkb8ZhZQ5NsUSER69tvfrPc=','8Xj5VbEkzeESsD9DNxK1a0b8ZhZQ5NsUSER69tvfrPc=',NULL,'2019-07-31 10:08:38','0-0-0-0-0-10000-40-1000',0,47),(48,1,'','kjsstudent1',1,'uC7i3PFeTD2d4W6QlBrAWTFQV+13ItR/I2TBdnzKmek=','txB+mTpwwVqH3ASXoVzra0b8ZhZQ5NsUSER69tvfrPc=',NULL,NULL,'0-0-0-0-0-8',0,48),(49,1,'test','okaue',1,'T3xND+4hkVQiqXTmrfqLfQ==','qxHmRSsn/Lm7CBWwM3+NAg==',NULL,NULL,'0-0-0-0-0-8',0,49),(50,1,'KJS03','student03',1,'uC7i3PFeTD2d4W6QlBrAWQiYd65yg/0qjHnHLwi0Y+c=','+6dTzaMDuWTJ9az6JcVf5Ub8ZhZQ5NsUSER69tvfrPc=',NULL,NULL,'0-0-0-0-0-8',1,50),(51,1,'KJS04','student04',1,'uC7i3PFeTD2d4W6QlBrAWf294Ur9mlG17n1m6tsLILo=','bO0ZYJFzfklhapTD/fzbxUb8ZhZQ5NsUSER69tvfrPc=',NULL,NULL,'0-0-0-0-0-8',1,51),(52,1,'KJS05','student05',1,'uC7i3PFeTD2d4W6QlBrAWRF7OEqJkwYeFL8NGqzLleE=','XINq+9Z4PpYveT3UxaKCn0b8ZhZQ5NsUSER69tvfrPc=',NULL,NULL,'0-0-0-0-0-8',1,52);
/*!40000 ALTER TABLE `tbl_student` ENABLE KEYS */;
UNLOCK TABLES;

--
-- Table structure for table `tbl_student_classroom`
--

DROP TABLE IF EXISTS `tbl_student_classroom`;
/*!40101 SET @saved_cs_client     = @@character_set_client */;
/*!40101 SET character_set_client = utf8 */;
CREATE TABLE `tbl_student_classroom` (
  `student_id` int(10) unsigned NOT NULL DEFAULT '0',
  `classroom_id` int(10) unsigned NOT NULL DEFAULT '0',
  KEY `student_id` (`student_id`),
  KEY `classroom_id` (`classroom_id`),
  CONSTRAINT `FK_tbl_student_classroom_tbl_classroom` FOREIGN KEY (`classroom_id`) REFERENCES `tbl_classroom` (`classroom_id`),
  CONSTRAINT `FK_tbl_student_classroom_tbl_student` FOREIGN KEY (`student_id`) REFERENCES `tbl_student` (`student_id`)
) ENGINE=InnoDB DEFAULT CHARSET=utf8 COLLATE=utf8_bin;
/*!40101 SET character_set_client = @saved_cs_client */;

--
-- Dumping data for table `tbl_student_classroom`
--

LOCK TABLES `tbl_student_classroom` WRITE;
/*!40000 ALTER TABLE `tbl_student_classroom` DISABLE KEYS */;
/*!40000 ALTER TABLE `tbl_student_classroom` ENABLE KEYS */;
UNLOCK TABLES;

--
-- Table structure for table `tbl_student_course`
--

DROP TABLE IF EXISTS `tbl_student_course`;
/*!40101 SET @saved_cs_client     = @@character_set_client */;
/*!40101 SET character_set_client = utf8 */;
CREATE TABLE `tbl_student_course` (
  `student_id` int(10) unsigned NOT NULL DEFAULT '0',
  `course_id` int(10) unsigned NOT NULL DEFAULT '0',
  KEY `student_id` (`student_id`),
  KEY `course_id` (`course_id`),
  CONSTRAINT `FK_tbl_sutudent_course_tbl_course` FOREIGN KEY (`course_id`) REFERENCES `tbl_course` (`course_id`),
  CONSTRAINT `FK_tbl_sutudent_course_tbl_student` FOREIGN KEY (`student_id`) REFERENCES `tbl_student` (`student_id`)
) ENGINE=InnoDB DEFAULT CHARSET=utf8 COLLATE=utf8_bin;
/*!40101 SET character_set_client = @saved_cs_client */;

--
-- Dumping data for table `tbl_student_course`
--

LOCK TABLES `tbl_student_course` WRITE;
/*!40000 ALTER TABLE `tbl_student_course` DISABLE KEYS */;
/*!40000 ALTER TABLE `tbl_student_course` ENABLE KEYS */;
UNLOCK TABLES;

--
-- Table structure for table `tbl_student_grade`
--

DROP TABLE IF EXISTS `tbl_student_grade`;
/*!40101 SET @saved_cs_client     = @@character_set_client */;
/*!40101 SET character_set_client = utf8 */;
CREATE TABLE `tbl_student_grade` (
  `student_id` int(10) unsigned NOT NULL DEFAULT '0',
  `grade_id` int(10) unsigned NOT NULL DEFAULT '0',
  KEY `FK_tbl_student_grade_tbl_student` (`student_id`),
  KEY `FK_tbl_student_grade_tbl_grade` (`grade_id`),
  CONSTRAINT `FK_tbl_student_grade_tbl_grade` FOREIGN KEY (`grade_id`) REFERENCES `tbl_grade` (`grade_id`),
  CONSTRAINT `FK_tbl_student_grade_tbl_student` FOREIGN KEY (`student_id`) REFERENCES `tbl_student` (`student_id`)
) ENGINE=InnoDB DEFAULT CHARSET=utf8 COLLATE=utf8_bin;
/*!40101 SET character_set_client = @saved_cs_client */;

--
-- Dumping data for table `tbl_student_grade`
--

LOCK TABLES `tbl_student_grade` WRITE;
/*!40000 ALTER TABLE `tbl_student_grade` DISABLE KEYS */;
/*!40000 ALTER TABLE `tbl_student_grade` ENABLE KEYS */;
UNLOCK TABLES;

--
-- Table structure for table `tbl_subject_genre`
--

DROP TABLE IF EXISTS `tbl_subject_genre`;
/*!40101 SET @saved_cs_client     = @@character_set_client */;
/*!40101 SET character_set_client = utf8 */;
CREATE TABLE `tbl_subject_genre` (
  `subject_genre_id` int(10) unsigned NOT NULL AUTO_INCREMENT,
  `subject_group_id` int(10) unsigned NOT NULL,
  `subject_genre_name` varchar(255) CHARACTER SET utf8 NOT NULL,
  `enable` tinyint(3) unsigned NOT NULL DEFAULT '1' COMMENT '',
  `display_order` int(10) unsigned NOT NULL COMMENT '',
  PRIMARY KEY (`subject_genre_id`)
) ENGINE=InnoDB DEFAULT CHARSET=utf8 COLLATE=utf8_bin;
/*!40101 SET character_set_client = @saved_cs_client */;

--
-- Dumping data for table `tbl_subject_genre`
--

LOCK TABLES `tbl_subject_genre` WRITE;
/*!40000 ALTER TABLE `tbl_subject_genre` DISABLE KEYS */;
/*!40000 ALTER TABLE `tbl_subject_genre` ENABLE KEYS */;
UNLOCK TABLES;

--
-- Table structure for table `tbl_subject_group`
--

DROP TABLE IF EXISTS `tbl_subject_group`;
/*!40101 SET @saved_cs_client     = @@character_set_client */;
/*!40101 SET character_set_client = utf8 */;
CREATE TABLE `tbl_subject_group` (
  `subject_group_id` int(10) unsigned NOT NULL AUTO_INCREMENT COMMENT '',
  `subject_group_name` varchar(255) COLLATE utf8_bin NOT NULL COMMENT '',
  `school_id` int(10) unsigned NOT NULL DEFAULT '0' COMMENT 'No',
  `contents_category_id` tinyint(3) unsigned NOT NULL DEFAULT '1' COMMENT '',
  `enable` tinyint(3) unsigned NOT NULL DEFAULT '1' COMMENT '',
  `display_order` int(10) unsigned NOT NULL DEFAULT '0' COMMENT '',
  PRIMARY KEY (`subject_group_id`)
) ENGINE=InnoDB DEFAULT CHARSET=utf8 COLLATE=utf8_bin COMMENT='';
/*!40101 SET character_set_client = @saved_cs_client */;

--
-- Dumping data for table `tbl_subject_group`
--

LOCK TABLES `tbl_subject_group` WRITE;
/*!40000 ALTER TABLE `tbl_subject_group` DISABLE KEYS */;
/*!40000 ALTER TABLE `tbl_subject_group` ENABLE KEYS */;
UNLOCK TABLES;

--
-- Table structure for table `tbl_subject_section`
--

DROP TABLE IF EXISTS `tbl_subject_section`;
/*!40101 SET @saved_cs_client     = @@character_set_client */;
/*!40101 SET character_set_client = utf8 */;
CREATE TABLE `tbl_subject_section` (
  `subject_section_id` int(10) unsigned NOT NULL AUTO_INCREMENT,
  `subject_section_name` varchar(255) COLLATE utf8_bin NOT NULL,
  `subject_genre_id` int(10) unsigned NOT NULL,
  `subject_group_id` int(10) unsigned NOT NULL,
  `proportion` int(10) unsigned NOT NULL DEFAULT '50',
  `editable` tinyint(3) unsigned NOT NULL DEFAULT '1',
  `enable` tinyint(3) unsigned NOT NULL DEFAULT '1' COMMENT '',
  `display_order` int(10) unsigned NOT NULL DEFAULT '1' COMMENT '',
  PRIMARY KEY (`subject_section_id`)
) ENGINE=InnoDB DEFAULT CHARSET=utf8 COLLATE=utf8_bin COMMENT='';
/*!40101 SET character_set_client = @saved_cs_client */;

--
-- Dumping data for table `tbl_subject_section`
--

LOCK TABLES `tbl_subject_section` WRITE;
/*!40000 ALTER TABLE `tbl_subject_section` DISABLE KEYS */;
/*!40000 ALTER TABLE `tbl_subject_section` ENABLE KEYS */;
UNLOCK TABLES;

--
-- Table structure for table `tbl_teacher`
--

DROP TABLE IF EXISTS `tbl_teacher`;
/*!40101 SET @saved_cs_client     = @@character_set_client */;
/*!40101 SET character_set_client = utf8 */;
CREATE TABLE `tbl_teacher` (
  `teacher_id` int(10) unsigned NOT NULL,
  `school_id` int(10) unsigned NOT NULL,
  `teacher_code` varchar(255) COLLATE utf8_bin NOT NULL,
  `classroom_id` int(10) unsigned DEFAULT NULL,
  `teacher_name` varchar(255) COLLATE utf8_bin NOT NULL,
  `id` varchar(255) COLLATE utf8_bin DEFAULT NULL COMMENT '2015/03/10NULLYESNULL',
  `password` varchar(255) COLLATE utf8_bin NOT NULL,
  `editable` tinyint(3) unsigned NOT NULL DEFAULT '0',
  `history_viewing_authority` tinyint(3) unsigned NOT NULL DEFAULT '0',
  `student_edit_authority` tinyint(3) unsigned NOT NULL DEFAULT '0',
  `access_code` varchar(255) COLLATE utf8_bin DEFAULT NULL,
  `access_datetime` datetime DEFAULT NULL,
  `enable` tinyint(3) unsigned NOT NULL,
  `display_order` int(10) unsigned DEFAULT NULL,
  PRIMARY KEY (`teacher_id`),
  UNIQUE KEY `id` (`id`),
  UNIQUE KEY `vertical index` (`display_order`),
  KEY `school_id` (`school_id`),
  KEY `classroom_id` (`classroom_id`),
  KEY `enable` (`enable`),
  KEY `editable` (`editable`),
  KEY `history_viewing_authority` (`history_viewing_authority`),
  KEY `student_edit_authority` (`student_edit_authority`),
  CONSTRAINT `tbl_teacher_ibfk_1` FOREIGN KEY (`school_id`) REFERENCES `tbl_school` (`school_id`),
  CONSTRAINT `tbl_teacher_ibfk_2` FOREIGN KEY (`classroom_id`) REFERENCES `tbl_classroom` (`classroom_id`),
  CONSTRAINT `tbl_teacher_ibfk_3` FOREIGN KEY (`enable`) REFERENCES `mst_boolean` (`boolean_id`),
  CONSTRAINT `tbl_teacher_ibfk_4` FOREIGN KEY (`display_order`) REFERENCES `tbl_teacher` (`teacher_id`),
  CONSTRAINT `tbl_teacher_ibfk_5` FOREIGN KEY (`editable`) REFERENCES `mst_boolean` (`boolean_id`),
  CONSTRAINT `tbl_teacher_ibfk_6` FOREIGN KEY (`history_viewing_authority`) REFERENCES `mst_boolean` (`boolean_id`)
) ENGINE=InnoDB DEFAULT CHARSET=utf8 COLLATE=utf8_bin;
/*!40101 SET character_set_client = @saved_cs_client */;

--
-- Dumping data for table `tbl_teacher`
--

LOCK TABLES `tbl_teacher` WRITE;
/*!40000 ALTER TABLE `tbl_teacher` DISABLE KEYS */;
/*!40000 ALTER TABLE `tbl_teacher` ENABLE KEYS */;
UNLOCK TABLES;
/*!40103 SET TIME_ZONE=@OLD_TIME_ZONE */;

/*!40101 SET SQL_MODE=@OLD_SQL_MODE */;
/*!40014 SET FOREIGN_KEY_CHECKS=@OLD_FOREIGN_KEY_CHECKS */;
/*!40014 SET UNIQUE_CHECKS=@OLD_UNIQUE_CHECKS */;
/*!40101 SET CHARACTER_SET_CLIENT=@OLD_CHARACTER_SET_CLIENT */;
/*!40101 SET CHARACTER_SET_RESULTS=@OLD_CHARACTER_SET_RESULTS */;
/*!40101 SET COLLATION_CONNECTION=@OLD_COLLATION_CONNECTION */;
/*!40111 SET SQL_NOTES=@OLD_SQL_NOTES */;

-- Dump completed on 2019-09-01 23:00:01
